,record_num,id,latitude,longitude,occupancy_status,current_status,bikes_allowed,headsign,bearing,current_stop_sequence,updated_at
92245,92246,y1775,42.33543962,-71.07573683,MANY_SEATS_AVAILABLE,STOPPED_AT,1,Harvard,310.0,7.0,2024-07-27 18:15:55-04:00
92277,92278,y1775,42.33629234,-71.07670896,MANY_SEATS_AVAILABLE,STOPPED_AT,1,Harvard,0.0,8.0,2024-07-27 18:16:33-04:00
92285,92286,y1775,42.33630692,-71.07669698,MANY_SEATS_AVAILABLE,STOPPED_AT,1,Harvard,0.0,8.0,2024-07-27 18:16:45-04:00
92293,92294,y1775,42.33630633,-71.076699,MANY_SEATS_AVAILABLE,STOPPED_AT,1,Harvard,0.0,8.0,2024-07-27 18:16:56-04:00
92321,92322,y1775,42.33631399,-71.07672182,MANY_SEATS_AVAILABLE,STOPPED_AT,1,Harvard,343.0,8.0,2024-07-27 18:17:39-04:00
92328,92329,y1775,42.3363815,-71.07677907,MANY_SEATS_AVAILABLE,STOPPED_AT,1,Harvard,331.0,8.0,2024-07-27 18:17:42-04:00
92335,92336,y1775,42.33709226,-71.07756228,MANY_SEATS_AVAILABLE,STOPPED_AT,1,Harvard,318.0,8.0,2024-07-27 18:17:58-04:00
92384,92385,y1775,42.33968596,-71.08062952,MANY_SEATS_AVAILABLE,STOPPED_AT,1,Harvard,322.0,9.0,2024-07-27 18:19:12-04:00
92391,92392,y1775,42.34015087,-71.08115749,MANY_SEATS_AVAILABLE,STOPPED_AT,1,Harvard,326.0,9.0,2024-07-27 18:19:20-04:00
92468,92469,y1775,42.34148741,-71.08299796,MANY_SEATS_AVAILABLE,STOPPED_AT,1,Harvard,273.0,10.0,2024-07-27 18:21:15-04:00
92475,92476,y1775,42.34157746,-71.08311769,MANY_SEATS_AVAILABLE,STOPPED_AT,1,Harvard,0.0,10.0,2024-07-27 18:21:25-04:00
92482,92483,y1775,42.34166135,-71.0832191,MANY_SEATS_AVAILABLE,STOPPED_AT,1,Harvard,314.0,10.0,2024-07-27 18:21:33-04:00
92489,92490,y1775,42.34203519,-71.08385386,MANY_SEATS_AVAILABLE,STOPPED_AT,1,Harvard,314.0,10.0,2024-07-27 18:21:46-04:00
92496,92497,y1775,42.34235118,-71.08426597,MANY_SEATS_AVAILABLE,STOPPED_AT,1,Harvard,313.0,11.0,2024-07-27 18:21:55-04:00
92503,92504,y1775,42.34242343,-71.08433308,MANY_SEATS_AVAILABLE,STOPPED_AT,1,Harvard,34.0,11.0,2024-07-27 18:22:05-04:00
92510,92511,y1775,42.3424648,-71.0843135,MANY_SEATS_AVAILABLE,STOPPED_AT,1,Harvard,0.0,11.0,2024-07-27 18:22:13-04:00
92517,92518,y1775,42.34242097,-71.08433855,MANY_SEATS_AVAILABLE,STOPPED_AT,1,Harvard,0.0,11.0,2024-07-27 18:22:23-04:00
92538,92539,y1775,42.34241,-71.08429,MANY_SEATS_AVAILABLE,STOPPED_AT,1,Harvard,315.0,11.0,2024-07-27 18:22:54-04:00
92559,92560,y1775,42.34240833,-71.08443511,MANY_SEATS_AVAILABLE,STOPPED_AT,1,Harvard,301.0,11.0,2024-07-27 18:23:28-04:00
92566,92567,y1775,42.34239031,-71.08456774,MANY_SEATS_AVAILABLE,STOPPED_AT,1,Harvard,304.0,11.0,2024-07-27 18:23:39-04:00
92601,92602,y1775,42.34539739,-71.08668286,MANY_SEATS_AVAILABLE,STOPPED_AT,1,Harvard,344.0,12.0,2024-07-27 18:24:31-04:00
92608,92609,y1775,42.34600185,-71.08704953,MANY_SEATS_AVAILABLE,STOPPED_AT,1,Harvard,325.0,12.0,2024-07-27 18:24:43-04:00
92657,92658,y1775,42.347893,-71.08809713,MANY_SEATS_AVAILABLE,STOPPED_AT,1,Harvard,25.0,13.0,2024-07-27 18:25:56-04:00
92664,92665,y1775,42.34789347,-71.08810109,MANY_SEATS_AVAILABLE,STOPPED_AT,1,Harvard,0.0,13.0,2024-07-27 18:25:59-04:00
92671,92672,y1775,42.34785479,-71.08820361,MANY_SEATS_AVAILABLE,STOPPED_AT,1,Harvard,0.0,13.0,2024-07-27 18:26:10-04:00
92706,92707,y1775,42.34783,-71.08802,MANY_SEATS_AVAILABLE,STOPPED_AT,1,Harvard,0.0,13.0,2024-07-27 18:26:56-04:00
92720,92721,y1775,42.34781549,-71.08828285,MANY_SEATS_AVAILABLE,STOPPED_AT,1,Harvard,359.0,13.0,2024-07-27 18:27:26-04:00
92727,92728,y1775,42.34840105,-71.08837291,MANY_SEATS_AVAILABLE,STOPPED_AT,1,Harvard,336.0,13.0,2024-07-27 18:27:34-04:00
92776,92777,y1775,42.35056634,-71.0894905,FEW_SEATS_AVAILABLE,STOPPED_AT,1,Harvard,313.0,14.0,2024-07-27 18:28:49-04:00
92783,92784,y1775,42.35064907,-71.0893502,FEW_SEATS_AVAILABLE,STOPPED_AT,1,Harvard,10.0,14.0,2024-07-27 18:28:58-04:00
92790,92791,y1775,42.3514661,-71.08968498,FEW_SEATS_AVAILABLE,STOPPED_AT,1,Harvard,336.0,14.0,2024-07-27 18:29:12-04:00
92874,92875,y1775,42.35953789,-71.09378793,FEW_SEATS_AVAILABLE,STOPPED_AT,1,Harvard,47.0,15.0,2024-07-27 18:31:16-04:00
92881,92882,y1775,42.35958794,-71.09369498,FEW_SEATS_AVAILABLE,STOPPED_AT,1,Harvard,48.0,15.0,2024-07-27 18:31:25-04:00
92888,92889,y1775,42.35958137,-71.09382508,FEW_SEATS_AVAILABLE,STOPPED_AT,1,Harvard,289.0,15.0,2024-07-27 18:31:35-04:00
92895,92896,y1775,42.35969133,-71.09408112,FEW_SEATS_AVAILABLE,STOPPED_AT,1,Harvard,333.0,15.0,2024-07-27 18:31:43-04:00
92965,92966,y1775,42.36078106,-71.09584207,FEW_SEATS_AVAILABLE,STOPPED_AT,1,Harvard,306.0,16.0,2024-07-27 18:33:29-04:00
93007,93008,y1775,42.36272231,-71.09939121,FEW_SEATS_AVAILABLE,STOPPED_AT,1,Harvard,262.0,17.0,2024-07-27 18:34:30-04:00
93014,93015,y1775,42.36238859,-71.09960066,FEW_SEATS_AVAILABLE,STOPPED_AT,1,Harvard,221.0,17.0,2024-07-27 18:34:42-04:00
93021,93022,y1775,42.36260293,-71.09950352,FEW_SEATS_AVAILABLE,STOPPED_AT,1,Harvard,0.0,17.0,2024-07-27 18:34:53-04:00
93028,93029,y1775,42.36264784,-71.09956347,FEW_SEATS_AVAILABLE,STOPPED_AT,1,Harvard,307.0,17.0,2024-07-27 18:35:05-04:00
93035,93036,y1775,42.36314337,-71.09999279,FEW_SEATS_AVAILABLE,STOPPED_AT,1,Harvard,305.0,17.0,2024-07-27 18:35:12-04:00
93042,93043,y1775,42.36342738,-71.10038232,FEW_SEATS_AVAILABLE,STOPPED_AT,1,Harvard,308.0,17.0,2024-07-27 18:35:20-04:00
93153,93154,y1775,42.3650167,-71.10304309,FEW_SEATS_AVAILABLE,STOPPED_AT,1,Harvard,0.0,18.0,2024-07-27 18:38:03-04:00
93160,93161,y1775,42.36500851,-71.10307047,FEW_SEATS_AVAILABLE,STOPPED_AT,1,Harvard,0.0,18.0,2024-07-27 18:38:20-04:00
93167,93168,y1775,42.36512456,-71.10328535,FEW_SEATS_AVAILABLE,STOPPED_AT,1,Harvard,319.0,18.0,2024-07-27 18:38:27-04:00
93174,93175,y1775,42.36531581,-71.10357833,FEW_SEATS_AVAILABLE,STOPPED_AT,1,Harvard,0.0,18.0,2024-07-27 18:38:36-04:00
93188,93189,y1775,42.36534,-71.10356,FEW_SEATS_AVAILABLE,STOPPED_AT,1,Harvard,315.0,18.0,2024-07-27 18:38:57-04:00
93195,93196,y1775,42.3654763,-71.10388292,FEW_SEATS_AVAILABLE,STOPPED_AT,1,Harvard,0.0,18.0,2024-07-27 18:39:05-04:00
93202,93203,y1775,42.36550269,-71.10390123,FEW_SEATS_AVAILABLE,STOPPED_AT,1,Harvard,0.0,18.0,2024-07-27 18:39:17-04:00
93223,93224,y1775,42.36551247,-71.10392188,FEW_SEATS_AVAILABLE,STOPPED_AT,1,Harvard,313.0,18.0,2024-07-27 18:39:51-04:00
93251,93252,y1775,42.36647441,-71.10541099,FEW_SEATS_AVAILABLE,STOPPED_AT,1,Harvard,326.0,19.0,2024-07-27 18:40:30-04:00
93258,93259,y1775,42.3666721,-71.10568728,FEW_SEATS_AVAILABLE,STOPPED_AT,1,Harvard,323.0,19.0,2024-07-27 18:40:39-04:00
93265,93266,y1775,42.36679252,-71.10587103,FEW_SEATS_AVAILABLE,STOPPED_AT,1,Harvard,0.0,19.0,2024-07-27 18:40:49-04:00
93272,93273,y1775,42.36683602,-71.10605713,FEW_SEATS_AVAILABLE,STOPPED_AT,1,Harvard,300.0,19.0,2024-07-27 18:41:04-04:00
93279,93280,y1775,42.36737385,-71.1068497,FEW_SEATS_AVAILABLE,STOPPED_AT,1,Harvard,317.0,19.0,2024-07-27 18:41:14-04:00
93328,93329,y1775,42.36931398,-71.11129709,FEW_SEATS_AVAILABLE,STOPPED_AT,1,Harvard,286.0,21.0,2024-07-27 18:42:28-04:00
93335,93336,y1775,42.36934287,-71.11131401,FEW_SEATS_AVAILABLE,STOPPED_AT,1,Harvard,0.0,21.0,2024-07-27 18:42:39-04:00
93342,93343,y1775,42.36934471,-71.11133033,FEW_SEATS_AVAILABLE,STOPPED_AT,1,Harvard,0.0,21.0,2024-07-27 18:42:47-04:00
93426,93427,y1775,42.36993392,-71.11266896,FEW_SEATS_AVAILABLE,STOPPED_AT,1,Harvard,252.0,22.0,2024-07-27 18:44:50-04:00
93433,93434,y1775,42.36991627,-71.11272524,FEW_SEATS_AVAILABLE,STOPPED_AT,1,Harvard,0.0,22.0,2024-07-27 18:44:58-04:00
93440,93441,y1775,42.36988,-71.11266,FEW_SEATS_AVAILABLE,STOPPED_AT,1,Harvard,270.0,22.0,2024-07-27 18:45:04-04:00
93468,93469,y1775,42.36989378,-71.11281959,FEW_SEATS_AVAILABLE,STOPPED_AT,1,Harvard,311.0,22.0,2024-07-27 18:45:56-04:00
93475,93476,y1775,42.37023624,-71.11313239,FEW_SEATS_AVAILABLE,STOPPED_AT,1,Harvard,311.0,22.0,2024-07-27 18:46:05-04:00
93482,93483,y1775,42.37028287,-71.11316421,FEW_SEATS_AVAILABLE,STOPPED_AT,1,Harvard,0.0,22.0,2024-07-27 18:46:15-04:00
93489,93490,y1775,42.37036259,-71.11321948,FEW_SEATS_AVAILABLE,STOPPED_AT,1,Harvard,328.0,22.0,2024-07-27 18:46:26-04:00
93496,93497,y1775,42.37056459,-71.11351061,FEW_SEATS_AVAILABLE,STOPPED_AT,1,Harvard,315.0,22.0,2024-07-27 18:46:34-04:00
93517,93518,y1775,42.37211823,-71.11540409,FEW_SEATS_AVAILABLE,STOPPED_AT,1,Harvard,317.0,23.0,2024-07-27 18:47:05-04:00
93524,93525,y1775,42.37246293,-71.11601025,FEW_SEATS_AVAILABLE,STOPPED_AT,1,Harvard,325.0,23.0,2024-07-27 18:47:15-04:00
93538,93539,y1775,42.37290131,-71.11715047,FEW_SEATS_AVAILABLE,STOPPED_AT,1,Nubian,292.0,1.0,2024-07-27 18:47:38-04:00
93545,93546,y1775,42.37311664,-71.1178366,FEW_SEATS_AVAILABLE,STOPPED_AT,1,Nubian,298.0,1.0,2024-07-27 18:47:47-04:00
93552,93553,y1775,42.37321398,-71.1181727,FEW_SEATS_AVAILABLE,STOPPED_AT,1,Nubian,0.0,1.0,2024-07-27 18:47:57-04:00
93559,93560,y1775,42.3731849,-71.11820924,FEW_SEATS_AVAILABLE,STOPPED_AT,1,Nubian,0.0,1.0,2024-07-27 18:48:11-04:00
93601,93602,y1775,42.3732,-71.11814,FEW_SEATS_AVAILABLE,STOPPED_AT,1,Nubian,270.0,1.0,2024-07-27 18:49:06-04:00
93628,93629,y1775,42.3732,-71.11814,FEW_SEATS_AVAILABLE,STOPPED_AT,1,Nubian,270.0,1.0,2024-07-27 18:49:41-04:00
93663,93664,y1775,42.37319,-71.11814,FEW_SEATS_AVAILABLE,STOPPED_AT,1,Nubian,270.0,1.0,2024-07-27 18:50:41-04:00
93705,93706,y1775,42.37327,-71.11815,FEW_SEATS_AVAILABLE,STOPPED_AT,1,Nubian,315.0,1.0,2024-07-27 18:51:41-04:00
93747,93748,y1775,42.37319,-71.11814,FEW_SEATS_AVAILABLE,STOPPED_AT,1,Nubian,315.0,1.0,2024-07-27 18:52:41-04:00
93761,93762,y1775,42.3731849,-71.11820924,FEW_SEATS_AVAILABLE,STOPPED_AT,1,Nubian,0.0,1.0,2024-07-27 18:53:11-04:00
93782,93783,y1775,42.37318,-71.11814,FEW_SEATS_AVAILABLE,STOPPED_AT,1,Nubian,315.0,1.0,2024-07-27 18:53:41-04:00
93789,93790,y1775,42.37317254,-71.11820632,FEW_SEATS_AVAILABLE,STOPPED_AT,1,Nubian,0.0,1.0,2024-07-27 18:53:50-04:00
93796,93797,y1775,42.37319267,-71.11823735,FEW_SEATS_AVAILABLE,STOPPED_AT,1,Nubian,285.0,1.0,2024-07-27 18:53:57-04:00
93810,93811,y1775,42.37321999,-71.1185211,MANY_SEATS_AVAILABLE,STOPPED_AT,1,Nubian,0.0,1.0,2024-07-27 18:54:23-04:00
93971,93972,y1775,42.37103095,-71.11587156,MANY_SEATS_AVAILABLE,STOPPED_AT,1,Nubian,115.0,2.0,2024-07-27 18:58:20-04:00
93978,93979,y1775,42.37098297,-71.1158147,MANY_SEATS_AVAILABLE,STOPPED_AT,1,Nubian,119.0,2.0,2024-07-27 18:58:31-04:00
93985,93986,y1775,42.37067007,-71.11498295,MANY_SEATS_AVAILABLE,STOPPED_AT,1,Nubian,119.0,2.0,2024-07-27 18:58:41-04:00
93999,94000,y1775,42.37015996,-71.11353961,MANY_SEATS_AVAILABLE,STOPPED_AT,1,Nubian,113.0,3.0,2024-07-27 18:58:58-04:00
94006,94007,y1775,42.37013618,-71.11343121,MANY_SEATS_AVAILABLE,STOPPED_AT,1,Nubian,0.0,3.0,2024-07-27 18:59:07-04:00
94013,94014,y1775,42.37015,-71.11353,MANY_SEATS_AVAILABLE,STOPPED_AT,1,Nubian,90.0,3.0,2024-07-27 18:59:17-04:00
94041,94042,y1775,42.37002433,-71.11307191,MANY_SEATS_AVAILABLE,STOPPED_AT,1,Nubian,115.0,3.0,2024-07-27 19:00:03-04:00
94048,94049,y1775,42.36972986,-71.11236282,MANY_SEATS_AVAILABLE,STOPPED_AT,1,Nubian,113.0,3.0,2024-07-27 19:00:11-04:00
94069,94070,y1775,42.36888382,-71.10991293,MANY_SEATS_AVAILABLE,STOPPED_AT,1,Nubian,115.0,4.0,2024-07-27 19:00:41-04:00
94075,94076,y1775,42.36839823,-71.10877653,MANY_SEATS_AVAILABLE,STOPPED_AT,1,Nubian,123.0,4.0,2024-07-27 19:00:53-04:00
94096,94097,y1775,42.36668389,-71.10579111,MANY_SEATS_AVAILABLE,STOPPED_AT,1,Nubian,129.0,6.0,2024-07-27 19:01:27-04:00
94103,94104,y1775,42.36669129,-71.10580199,MANY_SEATS_AVAILABLE,STOPPED_AT,1,Nubian,0.0,6.0,2024-07-27 19:01:32-04:00
94110,94111,y1775,42.36671154,-71.10580088,MANY_SEATS_AVAILABLE,STOPPED_AT,1,Nubian,0.0,6.0,2024-07-27 19:01:40-04:00
94117,94118,y1775,42.36654841,-71.10559399,MANY_SEATS_AVAILABLE,STOPPED_AT,1,Nubian,136.0,6.0,2024-07-27 19:01:57-04:00
94124,94125,y1775,42.36616295,-71.10497362,MANY_SEATS_AVAILABLE,STOPPED_AT,1,Nubian,130.0,6.0,2024-07-27 19:02:07-04:00
94171,94172,y1775,42.36507182,-71.10315849,MANY_SEATS_AVAILABLE,STOPPED_AT,1,Nubian,0.0,7.0,2024-07-27 19:03:21-04:00
94177,94178,y1775,42.36508008,-71.10313958,MANY_SEATS_AVAILABLE,STOPPED_AT,1,Nubian,0.0,7.0,2024-07-27 19:03:32-04:00
94195,94196,y1775,42.3651045,-71.10313346,MANY_SEATS_AVAILABLE,STOPPED_AT,1,Nubian,0.0,7.0,2024-07-27 19:04:03-04:00
94207,94208,y1775,42.36510368,-71.10313375,MANY_SEATS_AVAILABLE,STOPPED_AT,1,Nubian,0.0,7.0,2024-07-27 19:04:15-04:00
94237,94238,y1775,42.36513181,-71.10305168,MANY_SEATS_AVAILABLE,STOPPED_AT,1,Nubian,117.0,7.0,2024-07-27 19:05:08-04:00
94243,94244,y1775,42.36495394,-71.10298466,MANY_SEATS_AVAILABLE,STOPPED_AT,1,Nubian,130.0,7.0,2024-07-27 19:05:25-04:00
94249,94250,y1775,42.36494137,-71.10298019,MANY_SEATS_AVAILABLE,STOPPED_AT,1,Nubian,0.0,7.0,2024-07-27 19:05:28-04:00
94255,94256,y1775,42.36480223,-71.10272027,MANY_SEATS_AVAILABLE,STOPPED_AT,1,Nubian,126.0,7.0,2024-07-27 19:05:46-04:00
94261,94262,y1775,42.36464231,-71.10240888,MANY_SEATS_AVAILABLE,STOPPED_AT,1,Nubian,132.0,7.0,2024-07-27 19:05:54-04:00
94345,94346,y1775,42.36256952,-71.09895881,MANY_SEATS_AVAILABLE,STOPPED_AT,1,Nubian,136.0,8.0,2024-07-27 19:08:20-04:00
94363,94364,y1775,42.3609294,-71.09617215,MANY_SEATS_AVAILABLE,STOPPED_AT,1,Nubian,112.0,9.0,2024-07-27 19:08:48-04:00
94369,94370,y1775,42.36096757,-71.09597787,MANY_SEATS_AVAILABLE,STOPPED_AT,1,Nubian,0.0,9.0,2024-07-27 19:09:02-04:00
94387,94388,y1775,42.36085917,-71.09594058,MANY_SEATS_AVAILABLE,STOPPED_AT,1,Nubian,126.0,9.0,2024-07-27 19:09:32-04:00
94393,94394,y1775,42.3606811,-71.0957979,MANY_SEATS_AVAILABLE,STOPPED_AT,1,Nubian,0.0,9.0,2024-07-27 19:09:44-04:00
94399,94400,y1775,42.36067095,-71.09578755,MANY_SEATS_AVAILABLE,STOPPED_AT,1,Nubian,120.0,9.0,2024-07-27 19:09:52-04:00
94405,94406,y1775,42.36048638,-71.09546911,MANY_SEATS_AVAILABLE,STOPPED_AT,1,Nubian,162.0,9.0,2024-07-27 19:10:05-04:00
94441,94442,y1775,42.35894187,-71.09348353,MANY_SEATS_AVAILABLE,STOPPED_AT,1,Nubian,159.0,10.0,2024-07-27 19:11:03-04:00
94447,94448,y1775,42.35877,-71.09342986,MANY_SEATS_AVAILABLE,STOPPED_AT,1,Nubian,0.0,10.0,2024-07-27 19:11:14-04:00
94453,94454,y1775,42.35875752,-71.09345114,MANY_SEATS_AVAILABLE,STOPPED_AT,1,Nubian,0.0,10.0,2024-07-27 19:11:26-04:00
94459,94460,y1775,42.35881,-71.0935,MANY_SEATS_AVAILABLE,STOPPED_AT,1,Nubian,135.0,10.0,2024-07-27 19:11:28-04:00
94465,94466,y1775,42.35875859,-71.09344682,MANY_SEATS_AVAILABLE,STOPPED_AT,1,Nubian,0.0,10.0,2024-07-27 19:11:47-04:00
94471,94472,y1775,42.35873186,-71.09342458,MANY_SEATS_AVAILABLE,STOPPED_AT,1,Nubian,150.0,10.0,2024-07-27 19:11:53-04:00
94543,94544,y1775,42.35028682,-71.08923743,MANY_SEATS_AVAILABLE,STOPPED_AT,1,Nubian,158.0,11.0,2024-07-27 19:13:54-04:00
94549,94550,y1775,42.34973626,-71.08900305,MANY_SEATS_AVAILABLE,STOPPED_AT,1,Nubian,0.0,11.0,2024-07-27 19:14:11-04:00
94555,94556,y1775,42.34972408,-71.08900766,MANY_SEATS_AVAILABLE,STOPPED_AT,1,Nubian,0.0,11.0,2024-07-27 19:14:23-04:00
94561,94562,y1775,42.34921862,-71.08875513,MANY_SEATS_AVAILABLE,STOPPED_AT,1,Nubian,160.0,11.0,2024-07-27 19:14:34-04:00
94591,94592,y1775,42.34761619,-71.08800693,MANY_SEATS_AVAILABLE,STOPPED_AT,1,Nubian,0.0,12.0,2024-07-27 19:15:22-04:00
94597,94598,y1775,42.3476334,-71.08803559,MANY_SEATS_AVAILABLE,STOPPED_AT,1,Nubian,0.0,12.0,2024-07-27 19:15:33-04:00
94603,94604,y1775,42.34763631,-71.08803155,MANY_SEATS_AVAILABLE,STOPPED_AT,1,Nubian,0.0,12.0,2024-07-27 19:15:36-04:00
94609,94610,y1775,42.34762447,-71.08801205,MANY_SEATS_AVAILABLE,STOPPED_AT,1,Nubian,0.0,12.0,2024-07-27 19:15:54-04:00
94615,94616,y1775,42.34756726,-71.0879642,MANY_SEATS_AVAILABLE,STOPPED_AT,1,Nubian,163.0,12.0,2024-07-27 19:16:00-04:00
94621,94622,y1775,42.34740602,-71.08780383,MANY_SEATS_AVAILABLE,STOPPED_AT,1,Nubian,0.0,12.0,2024-07-27 19:16:14-04:00
94627,94628,y1775,42.3473934,-71.08776717,MANY_SEATS_AVAILABLE,STOPPED_AT,1,Nubian,0.0,12.0,2024-07-27 19:16:23-04:00
94633,94634,y1775,42.34736936,-71.087722,MANY_SEATS_AVAILABLE,STOPPED_AT,1,Nubian,0.0,12.0,2024-07-27 19:16:36-04:00
94675,94676,y1775,42.3447044,-71.08642643,MANY_SEATS_AVAILABLE,STOPPED_AT,1,Nubian,169.0,13.0,2024-07-27 19:17:47-04:00
94681,94682,y1775,42.3442238,-71.08620501,MANY_SEATS_AVAILABLE,STOPPED_AT,1,Nubian,144.0,13.0,2024-07-27 19:17:59-04:00
94687,94688,y1775,42.34421393,-71.08618577,MANY_SEATS_AVAILABLE,STOPPED_AT,1,Nubian,0.0,13.0,2024-07-27 19:18:02-04:00
94692,94693,y1775,42.34420351,-71.08620866,MANY_SEATS_AVAILABLE,STOPPED_AT,1,Nubian,172.0,13.0,2024-07-27 19:18:16-04:00
94697,94698,y1775,42.34403092,-71.08611092,MANY_SEATS_AVAILABLE,STOPPED_AT,1,Nubian,164.0,13.0,2024-07-27 19:18:23-04:00
94717,94718,y1775,42.34223519,-71.08415909,MANY_SEATS_AVAILABLE,STOPPED_AT,1,Nubian,133.0,14.0,2024-07-27 19:19:10-04:00
94727,94728,y1775,42.34147193,-71.08312239,MANY_SEATS_AVAILABLE,STOPPED_AT,1,Nubian,0.0,15.0,2024-07-27 19:19:31-04:00
94732,94733,y1775,42.34186,-71.08365,MANY_SEATS_AVAILABLE,STOPPED_AT,1,Nubian,135.0,15.0,2024-07-27 19:19:36-04:00
94738,94739,y1775,42.34146004,-71.08310104,MANY_SEATS_AVAILABLE,STOPPED_AT,1,Nubian,124.0,15.0,2024-07-27 19:19:51-04:00
94744,94745,y1775,42.34102561,-71.08243602,MANY_SEATS_AVAILABLE,STOPPED_AT,1,Nubian,134.0,15.0,2024-07-27 19:20:03-04:00
94804,94805,y1775,42.33895758,-71.08008401,MANY_SEATS_AVAILABLE,STOPPED_AT,1,Nubian,113.0,16.0,2024-07-27 19:21:45-04:00
94810,94811,y1775,42.338944,-71.08007764,MANY_SEATS_AVAILABLE,STOPPED_AT,1,Nubian,133.0,16.0,2024-07-27 19:21:55-04:00
94816,94817,y1775,42.33831556,-71.07928964,MANY_SEATS_AVAILABLE,STOPPED_AT,1,Nubian,140.0,16.0,2024-07-27 19:22:08-04:00
94882,94883,y1775,42.3361976,-71.07672709,MANY_SEATS_AVAILABLE,STOPPED_AT,1,Nubian,0.0,17.0,2024-07-27 19:24:00-04:00
94894,94895,y1775,42.33588233,-71.07627722,MANY_SEATS_AVAILABLE,STOPPED_AT,1,Nubian,139.0,17.0,2024-07-27 19:24:23-04:00
94912,94913,y1775,42.33461871,-71.07488121,MANY_SEATS_AVAILABLE,STOPPED_AT,1,Nubian,0.0,18.0,2024-07-27 19:24:47-04:00
94918,94919,y1775,42.33464539,-71.07481211,MANY_SEATS_AVAILABLE,STOPPED_AT,1,Nubian,86.0,18.0,2024-07-27 19:24:59-04:00
94924,94925,y1775,42.33457052,-71.07433706,MANY_SEATS_AVAILABLE,STOPPED_AT,1,Nubian,108.0,18.0,2024-07-27 19:25:13-04:00
94942,94943,y1775,42.33385835,-71.07355522,MANY_SEATS_AVAILABLE,STOPPED_AT,1,Nubian,37.0,19.0,2024-07-27 19:25:44-04:00
94948,94949,y1775,42.33385155,-71.07355361,MANY_SEATS_AVAILABLE,STOPPED_AT,1,Nubian,0.0,19.0,2024-07-27 19:25:47-04:00
94954,94955,y1775,42.33332691,-71.07378292,MANY_SEATS_AVAILABLE,STOPPED_AT,1,Nubian,228.0,19.0,2024-07-27 19:26:04-04:00
95002,95003,y1775,42.33154508,-71.07650845,MANY_SEATS_AVAILABLE,STOPPED_AT,1,Nubian,231.0,20.0,2024-07-27 19:27:27-04:00
95008,95009,y1775,42.33140594,-71.07668716,MANY_SEATS_AVAILABLE,STOPPED_AT,1,Nubian,0.0,20.0,2024-07-27 19:27:38-04:00
95014,95015,y1775,42.33143,-71.07665,MANY_SEATS_AVAILABLE,STOPPED_AT,1,Nubian,225.0,20.0,2024-07-27 19:27:44-04:00
95032,95033,y1775,42.3320287,-71.07948515,MANY_SEATS_AVAILABLE,STOPPED_AT,1,Nubian,247.0,21.0,2024-07-27 19:28:17-04:00
95038,95039,y1775,42.33187538,-71.07972293,MANY_SEATS_AVAILABLE,STOPPED_AT,1,Nubian,0.0,21.0,2024-07-27 19:28:26-04:00
95050,95051,y1775,42.33173647,-71.07989017,MANY_SEATS_AVAILABLE,STOPPED_AT,1,Nubian,231.0,21.0,2024-07-27 19:28:48-04:00
95062,95063,y1775,42.33156089,-71.08015588,MANY_SEATS_AVAILABLE,STOPPED_AT,1,Nubian,229.0,21.0,2024-07-27 19:29:07-04:00
95068,95069,y1775,42.33139338,-71.0804225,MANY_SEATS_AVAILABLE,STOPPED_AT,1,Nubian,224.0,21.0,2024-07-27 19:29:16-04:00
95074,95075,y1775,42.33137415,-71.08046143,MANY_SEATS_AVAILABLE,STOPPED_AT,1,Nubian,0.0,21.0,2024-07-27 19:29:25-04:00
95080,95081,y1775,42.33138128,-71.08046424,MANY_SEATS_AVAILABLE,STOPPED_AT,1,Nubian,0.0,21.0,2024-07-27 19:29:35-04:00
95086,95087,y1775,42.33135714,-71.0805046,MANY_SEATS_AVAILABLE,STOPPED_AT,1,Nubian,227.0,21.0,2024-07-27 19:29:52-04:00
95092,95093,y1775,42.33107146,-71.08089897,MANY_SEATS_AVAILABLE,STOPPED_AT,1,Nubian,230.0,21.0,2024-07-27 19:30:02-04:00
95098,95099,y1775,42.33091814,-71.08120571,MANY_SEATS_AVAILABLE,STOPPED_AT,1,Nubian,236.0,22.0,2024-07-27 19:30:11-04:00
95104,95105,y1775,42.33049113,-71.08180408,MANY_SEATS_AVAILABLE,STOPPED_AT,1,Nubian,220.0,23.0,2024-07-27 19:30:23-04:00
95110,95111,y1775,42.33013649,-71.08209939,MANY_SEATS_AVAILABLE,STOPPED_AT,1,Nubian,215.0,23.0,2024-07-27 19:30:32-04:00
95116,95117,y1775,42.3298018,-71.08220306,MANY_SEATS_AVAILABLE,STOPPED_AT,1,Nubian,188.0,23.0,2024-07-27 19:30:44-04:00
95122,95123,y1775,42.32981484,-71.08222573,MANY_SEATS_AVAILABLE,STOPPED_AT,1,Nubian,0.0,23.0,2024-07-27 19:30:51-04:00
95128,95129,y1775,42.32983967,-71.08221483,MANY_SEATS_AVAILABLE,STOPPED_AT,1,Nubian,0.0,23.0,2024-07-27 19:31:01-04:00
95146,95147,y1775,42.32982894,-71.08227809,MANY_SEATS_AVAILABLE,STOPPED_AT,1,Harvard,229.0,1.0,2024-07-27 19:31:35-04:00
95152,95153,y1775,42.32942805,-71.08246063,MANY_SEATS_AVAILABLE,STOPPED_AT,1,Harvard,199.0,1.0,2024-07-27 19:31:45-04:00
95158,95159,y1775,42.32925008,-71.08253703,MANY_SEATS_AVAILABLE,STOPPED_AT,1,Harvard,197.0,1.0,2024-07-27 19:31:50-04:00
95164,95165,y1775,42.32902731,-71.08270208,MANY_SEATS_AVAILABLE,STOPPED_AT,1,Harvard,202.0,1.0,2024-07-27 19:32:07-04:00
95170,95171,y1775,42.32884621,-71.08273431,MANY_SEATS_AVAILABLE,STOPPED_AT,1,Harvard,0.0,1.0,2024-07-27 19:32:16-04:00
95176,95177,y1775,42.32886042,-71.08273587,MANY_SEATS_AVAILABLE,STOPPED_AT,1,Harvard,0.0,1.0,2024-07-27 19:32:23-04:00
95194,95195,y1775,42.32887,-71.0827,MANY_SEATS_AVAILABLE,STOPPED_AT,1,Harvard,225.0,1.0,2024-07-27 19:32:50-04:00
95200,95201,y1775,42.3288937,-71.08265577,MANY_SEATS_AVAILABLE,STOPPED_AT,1,Harvard,192.0,1.0,2024-07-27 19:33:07-04:00
95206,95207,y1775,42.3287111,-71.08308093,MANY_SEATS_AVAILABLE,STOPPED_AT,1,Harvard,283.0,1.0,2024-07-27 19:33:19-04:00
95212,95213,y1775,42.3287846,-71.08347987,MANY_SEATS_AVAILABLE,STOPPED_AT,1,Harvard,316.0,1.0,2024-07-27 19:33:30-04:00
95218,95219,y1775,42.32903511,-71.08345691,MANY_SEATS_AVAILABLE,STOPPED_AT,1,Harvard,14.0,1.0,2024-07-27 19:33:39-04:00
95224,95225,y1775,42.3288,-71.08336,MANY_SEATS_AVAILABLE,STOPPED_AT,1,Harvard,0.0,1.0,2024-07-27 19:33:51-04:00
95230,95231,y1775,42.33036835,-71.08323943,MANY_SEATS_AVAILABLE,STOPPED_AT,1,Harvard,3.0,1.0,2024-07-27 19:33:58-04:00
95344,95345,y1775,42.33055525,-71.08391314,MANY_SEATS_AVAILABLE,STOPPED_AT,1,Harvard,222.0,1.0,2024-07-27 19:37:17-04:00
95350,95351,y1775,42.33002095,-71.08435234,MANY_SEATS_AVAILABLE,STOPPED_AT,1,Harvard,209.0,1.0,2024-07-27 19:37:25-04:00
95356,95357,y1775,42.32948905,-71.08462484,MANY_SEATS_AVAILABLE,STOPPED_AT,1,Harvard,198.0,1.0,2024-07-27 19:37:35-04:00
95362,95363,y1775,42.32931331,-71.08481369,MANY_SEATS_AVAILABLE,STOPPED_AT,1,Harvard,184.0,1.0,2024-07-27 19:37:47-04:00
95368,95369,y1775,42.32930586,-71.0848297,MANY_SEATS_AVAILABLE,STOPPED_AT,1,Harvard,0.0,1.0,2024-07-27 19:37:55-04:00
95380,95381,y1775,42.32928118,-71.08484118,MANY_SEATS_AVAILABLE,STOPPED_AT,1,Harvard,189.0,1.0,2024-07-27 19:38:16-04:00
95386,95387,y1775,42.32881847,-71.0848972,MANY_SEATS_AVAILABLE,STOPPED_AT,1,Harvard,137.0,1.0,2024-07-27 19:38:31-04:00
95392,95393,y1775,42.32874715,-71.0843325,MANY_SEATS_AVAILABLE,STOPPED_AT,1,Harvard,103.0,1.0,2024-07-27 19:38:38-04:00
95398,95399,y1775,42.32869453,-71.08387486,MANY_SEATS_AVAILABLE,STOPPED_AT,1,Harvard,99.0,1.0,2024-07-27 19:38:50-04:00
95404,95405,y1775,42.32864982,-71.08348592,MANY_SEATS_AVAILABLE,STOPPED_AT,1,Harvard,90.0,1.0,2024-07-27 19:38:59-04:00
95410,95411,y1775,42.32866541,-71.08339328,MANY_SEATS_AVAILABLE,STOPPED_AT,1,Harvard,0.0,1.0,2024-07-27 19:39:09-04:00
95422,95423,y1775,42.32867819,-71.08338592,MANY_SEATS_AVAILABLE,STOPPED_AT,1,Harvard,0.0,1.0,2024-07-27 19:39:28-04:00
95428,95429,y1775,42.32868099,-71.08297244,MANY_SEATS_AVAILABLE,STOPPED_AT,1,Harvard,92.0,1.0,2024-07-27 19:39:41-04:00
95434,95435,y1775,42.32907773,-71.08266365,MANY_SEATS_AVAILABLE,STOPPED_AT,1,Harvard,14.0,1.0,2024-07-27 19:39:51-04:00
95440,95441,y1775,42.32998145,-71.08219593,MANY_SEATS_AVAILABLE,STOPPED_AT,1,Harvard,23.0,1.0,2024-07-27 19:40:03-04:00
95446,95447,y1775,42.33063004,-71.0816328,MANY_SEATS_AVAILABLE,STOPPED_AT,1,Harvard,46.0,1.0,2024-07-27 19:40:13-04:00
95452,95453,y1775,42.3307223,-71.08144661,MANY_SEATS_AVAILABLE,STOPPED_AT,1,Harvard,35.0,1.0,2024-07-27 19:40:24-04:00
95458,95459,y1775,42.33073428,-71.08143724,MANY_SEATS_AVAILABLE,STOPPED_AT,1,Harvard,0.0,1.0,2024-07-27 19:40:29-04:00
95464,95465,y1775,42.33094707,-71.0811294,MANY_SEATS_AVAILABLE,STOPPED_AT,1,Harvard,47.0,1.0,2024-07-27 19:40:39-04:00
95470,95471,y1775,42.33143314,-71.08045908,MANY_SEATS_AVAILABLE,STOPPED_AT,1,Harvard,48.0,1.0,2024-07-27 19:40:53-04:00
95476,95477,y1775,42.33148814,-71.08034269,MANY_SEATS_AVAILABLE,STOPPED_AT,1,Harvard,0.0,1.0,2024-07-27 19:41:01-04:00
95488,95489,y1775,42.33149385,-71.08029716,MANY_SEATS_AVAILABLE,STOPPED_AT,1,Harvard,57.0,1.0,2024-07-27 19:41:22-04:00
95494,95495,y1775,42.33201106,-71.07952804,MANY_SEATS_AVAILABLE,STOPPED_AT,1,Harvard,45.0,1.0,2024-07-27 19:41:35-04:00
95500,95501,y1775,42.33194379,-71.07902262,MANY_SEATS_AVAILABLE,STOPPED_AT,1,Harvard,117.0,4.0,2024-07-27 19:41:44-04:00
95506,95507,y1775,42.33155568,-71.07795159,MANY_SEATS_AVAILABLE,STOPPED_AT,1,Harvard,116.0,4.0,2024-07-27 19:41:55-04:00
95548,95549,y1775,42.33191951,-71.07578652,MANY_SEATS_AVAILABLE,STOPPED_AT,1,Harvard,55.0,5.0,2024-07-27 19:43:10-04:00
95566,95567,y1775,42.3334322,-71.07350598,MANY_SEATS_AVAILABLE,STOPPED_AT,1,Harvard,219.0,6.0,2024-07-27 19:43:38-04:00
95572,95573,y1775,42.33345116,-71.07361729,MANY_SEATS_AVAILABLE,STOPPED_AT,1,Harvard,0.0,6.0,2024-07-27 19:43:49-04:00
95584,95585,y1775,42.33344,-71.07358,MANY_SEATS_AVAILABLE,STOPPED_AT,1,Harvard,45.0,6.0,2024-07-27 19:44:04-04:00
95608,95609,y1775,42.33347968,-71.0736087,MANY_SEATS_AVAILABLE,STOPPED_AT,1,Harvard,5.0,6.0,2024-07-27 19:44:53-04:00
95614,95615,y1775,42.33388561,-71.07357162,MANY_SEATS_AVAILABLE,STOPPED_AT,1,Harvard,40.0,6.0,2024-07-27 19:45:03-04:00
95620,95621,y1775,42.33384464,-71.07355042,MANY_SEATS_AVAILABLE,STOPPED_AT,1,Harvard,0.0,6.0,2024-07-27 19:45:06-04:00
95626,95627,y1775,42.33386514,-71.07357441,MANY_SEATS_AVAILABLE,STOPPED_AT,1,Harvard,0.0,6.0,2024-07-27 19:45:17-04:00
95632,95633,y1775,42.33389309,-71.07360288,MANY_SEATS_AVAILABLE,STOPPED_AT,1,Harvard,321.0,6.0,2024-07-27 19:45:29-04:00
95643,95644,y1775,42.33484616,-71.07495828,MANY_SEATS_AVAILABLE,STOPPED_AT,1,Harvard,153.0,7.0,2024-07-27 19:45:53-04:00
95649,95650,y1775,42.33484608,-71.07498023,MANY_SEATS_AVAILABLE,STOPPED_AT,1,Harvard,0.0,7.0,2024-07-27 19:46:05-04:00
95655,95656,y1775,42.33483868,-71.07496833,MANY_SEATS_AVAILABLE,STOPPED_AT,1,Harvard,0.0,7.0,2024-07-27 19:46:15-04:00
95661,95662,y1775,42.33488591,-71.0750047,MANY_SEATS_AVAILABLE,STOPPED_AT,1,Harvard,312.0,7.0,2024-07-27 19:46:25-04:00
95709,95710,y1775,42.33678687,-71.07723996,MANY_SEATS_AVAILABLE,STOPPED_AT,1,Harvard,311.0,8.0,2024-07-27 19:47:49-04:00
95715,95716,y1775,42.33681503,-71.07730367,MANY_SEATS_AVAILABLE,STOPPED_AT,1,Harvard,295.0,8.0,2024-07-27 19:48:00-04:00
95721,95722,y1775,42.33708897,-71.07765597,MANY_SEATS_AVAILABLE,STOPPED_AT,1,Harvard,315.0,8.0,2024-07-27 19:48:08-04:00
95823,95824,y1775,42.34141075,-71.08288917,MANY_SEATS_AVAILABLE,STOPPED_AT,1,Harvard,305.0,10.0,2024-07-27 19:51:04-04:00
95829,95830,y1775,42.34165122,-71.08315476,MANY_SEATS_AVAILABLE,STOPPED_AT,1,Harvard,314.0,10.0,2024-07-27 19:51:14-04:00
95835,95836,y1775,42.34162527,-71.08321749,MANY_SEATS_AVAILABLE,STOPPED_AT,1,Harvard,0.0,10.0,2024-07-27 19:51:23-04:00
95853,95854,y1775,42.34161665,-71.08319096,MANY_SEATS_AVAILABLE,STOPPED_AT,1,Harvard,0.0,10.0,2024-07-27 19:51:53-04:00
95859,95860,y1775,42.34191992,-71.08360927,MANY_SEATS_AVAILABLE,STOPPED_AT,1,Harvard,312.0,10.0,2024-07-27 19:52:02-04:00
95865,95866,y1775,42.34244127,-71.08440677,MANY_SEATS_AVAILABLE,STOPPED_AT,1,Harvard,304.0,11.0,2024-07-27 19:52:15-04:00
95871,95872,y1775,42.34241912,-71.08441341,MANY_SEATS_AVAILABLE,STOPPED_AT,1,Harvard,0.0,11.0,2024-07-27 19:52:21-04:00
95889,95890,y1775,42.34239409,-71.08443224,MANY_SEATS_AVAILABLE,STOPPED_AT,1,Harvard,0.0,11.0,2024-07-27 19:52:56-04:00
95901,95902,y1775,42.34257,-71.08456,MANY_SEATS_AVAILABLE,STOPPED_AT,1,Harvard,315.0,11.0,2024-07-27 19:53:12-04:00
95913,95914,y1775,42.34253299,-71.08464491,MANY_SEATS_AVAILABLE,STOPPED_AT,1,Harvard,322.0,11.0,2024-07-27 19:53:38-04:00
95937,95938,y1775,42.34526561,-71.08688311,MANY_SEATS_AVAILABLE,STOPPED_AT,1,Harvard,0.0,12.0,2024-07-27 19:54:22-04:00
95943,95944,y1775,42.34526522,-71.08675529,MANY_SEATS_AVAILABLE,STOPPED_AT,1,Harvard,42.0,12.0,2024-07-27 19:54:32-04:00
95949,95950,y1775,42.34575441,-71.08696587,MANY_SEATS_AVAILABLE,STOPPED_AT,1,Harvard,342.0,12.0,2024-07-27 19:54:43-04:00
95979,95980,y1775,42.34772865,-71.08808297,MANY_SEATS_AVAILABLE,STOPPED_AT,1,Harvard,339.0,13.0,2024-07-27 19:55:32-04:00
95985,95986,y1775,42.34775581,-71.08819382,MANY_SEATS_AVAILABLE,STOPPED_AT,1,Harvard,0.0,13.0,2024-07-27 19:55:39-04:00
95991,95992,y1775,42.34769446,-71.08817652,MANY_SEATS_AVAILABLE,STOPPED_AT,1,Harvard,0.0,13.0,2024-07-27 19:55:53-04:00
96003,96004,y1775,42.34782,-71.08804,MANY_SEATS_AVAILABLE,STOPPED_AT,1,Harvard,315.0,13.0,2024-07-27 19:56:17-04:00
96045,96046,y1775,42.3478,-71.08806,MANY_SEATS_AVAILABLE,STOPPED_AT,1,Harvard,315.0,13.0,2024-07-27 19:57:17-04:00
96063,96064,y1775,42.34769351,-71.08827587,MANY_SEATS_AVAILABLE,STOPPED_AT,1,Harvard,0.0,13.0,2024-07-27 19:57:56-04:00
96069,96070,y1775,42.34807106,-71.08849532,MANY_SEATS_AVAILABLE,STOPPED_AT,1,Harvard,339.0,13.0,2024-07-27 19:58:09-04:00
96075,96076,y1775,42.34892779,-71.08867203,MANY_SEATS_AVAILABLE,STOPPED_AT,1,Harvard,340.0,13.0,2024-07-27 19:58:19-04:00
96093,96094,y1775,42.35060006,-71.08950705,FEW_SEATS_AVAILABLE,STOPPED_AT,1,Harvard,332.0,14.0,2024-07-27 19:58:52-04:00
96099,96100,y1775,42.35108212,-71.089698,FEW_SEATS_AVAILABLE,STOPPED_AT,1,Harvard,338.0,14.0,2024-07-27 19:59:00-04:00
96105,96106,y1775,42.35200793,-71.0900551,FEW_SEATS_AVAILABLE,STOPPED_AT,1,Harvard,339.0,14.0,2024-07-27 19:59:10-04:00
96171,96172,y1775,42.35944758,-71.09379112,FEW_SEATS_AVAILABLE,STOPPED_AT,1,Harvard,329.0,15.0,2024-07-27 20:01:03-04:00
96177,96178,y1775,42.35940507,-71.09370862,FEW_SEATS_AVAILABLE,STOPPED_AT,1,Harvard,109.0,15.0,2024-07-27 20:01:13-04:00
96183,96184,y1775,42.35944324,-71.09368328,FEW_SEATS_AVAILABLE,STOPPED_AT,1,Harvard,0.0,15.0,2024-07-27 20:01:24-04:00
96189,96190,y1775,42.3595525,-71.09390532,FEW_SEATS_AVAILABLE,STOPPED_AT,1,Harvard,315.0,15.0,2024-07-27 20:01:34-04:00
96207,96208,y1775,42.36045823,-71.09531944,FEW_SEATS_AVAILABLE,STOPPED_AT,1,Harvard,0.0,16.0,2024-07-27 20:01:57-04:00
96213,96214,y1775,42.36064715,-71.09563469,FEW_SEATS_AVAILABLE,STOPPED_AT,1,Harvard,270.0,16.0,2024-07-27 20:02:16-04:00
96219,96220,y1775,42.36063106,-71.09568261,FEW_SEATS_AVAILABLE,STOPPED_AT,1,Harvard,0.0,16.0,2024-07-27 20:02:23-04:00
96225,96226,y1775,42.3606258,-71.09567565,FEW_SEATS_AVAILABLE,STOPPED_AT,1,Harvard,0.0,16.0,2024-07-27 20:02:28-04:00
96231,96232,y1775,42.36061368,-71.09564668,FEW_SEATS_AVAILABLE,STOPPED_AT,1,Harvard,0.0,16.0,2024-07-27 20:02:48-04:00
96237,96238,y1775,42.36063779,-71.09569706,FEW_SEATS_AVAILABLE,STOPPED_AT,1,Harvard,237.0,16.0,2024-07-27 20:03:00-04:00
96243,96244,y1775,42.36064842,-71.0956709,FEW_SEATS_AVAILABLE,STOPPED_AT,1,Harvard,0.0,16.0,2024-07-27 20:03:02-04:00
96249,96250,y1775,42.36073662,-71.09580184,FEW_SEATS_AVAILABLE,STOPPED_AT,1,Harvard,299.0,16.0,2024-07-27 20:03:16-04:00
96255,96256,y1775,42.36156886,-71.09729438,FEW_SEATS_AVAILABLE,STOPPED_AT,1,Harvard,309.0,16.0,2024-07-27 20:03:28-04:00
96273,96274,y1775,42.36275526,-71.09932202,FEW_SEATS_AVAILABLE,STOPPED_AT,1,Harvard,90.0,17.0,2024-07-27 20:03:59-04:00
96279,96280,y1775,42.36287906,-71.09945734,FEW_SEATS_AVAILABLE,STOPPED_AT,1,Harvard,0.0,17.0,2024-07-27 20:04:11-04:00
96303,96304,y1775,42.36291,-71.09944,FEW_SEATS_AVAILABLE,STOPPED_AT,1,Harvard,315.0,17.0,2024-07-27 20:04:48-04:00
96309,96310,y1775,42.3628711,-71.09956041,FEW_SEATS_AVAILABLE,STOPPED_AT,1,Harvard,304.0,17.0,2024-07-27 20:05:02-04:00
96315,96316,y1775,42.36360689,-71.10068401,FEW_SEATS_AVAILABLE,STOPPED_AT,1,Harvard,313.0,17.0,2024-07-27 20:05:13-04:00
96345,96346,y1775,42.36504139,-71.10307944,FEW_SEATS_AVAILABLE,STOPPED_AT,1,Harvard,22.0,18.0,2024-07-27 20:06:01-04:00
96351,96352,y1775,42.36510479,-71.10320026,FEW_SEATS_AVAILABLE,STOPPED_AT,1,Harvard,201.0,18.0,2024-07-27 20:06:12-04:00
96357,96358,y1775,42.36499415,-71.10317963,FEW_SEATS_AVAILABLE,STOPPED_AT,1,Harvard,325.0,18.0,2024-07-27 20:06:23-04:00
96363,96364,y1775,42.36530087,-71.10361223,FEW_SEATS_AVAILABLE,STOPPED_AT,1,Harvard,326.0,18.0,2024-07-27 20:06:33-04:00
96369,96370,y1775,42.36532794,-71.10358822,FEW_SEATS_AVAILABLE,STOPPED_AT,1,Harvard,0.0,18.0,2024-07-27 20:06:43-04:00
96375,96376,y1775,42.36531021,-71.10359125,FEW_SEATS_AVAILABLE,STOPPED_AT,1,Harvard,0.0,18.0,2024-07-27 20:06:48-04:00
96381,96382,y1775,42.36524901,-71.1035938,FEW_SEATS_AVAILABLE,STOPPED_AT,1,Harvard,0.0,18.0,2024-07-27 20:07:07-04:00
96387,96388,y1775,42.36533033,-71.10371941,FEW_SEATS_AVAILABLE,STOPPED_AT,1,Harvard,310.0,18.0,2024-07-27 20:07:15-04:00
96393,96394,y1775,42.36578368,-71.10425667,FEW_SEATS_AVAILABLE,STOPPED_AT,1,Harvard,311.0,18.0,2024-07-27 20:07:25-04:00
96411,96412,y1775,42.36682248,-71.10594011,FEW_SEATS_AVAILABLE,STOPPED_AT,1,Harvard,110.0,19.0,2024-07-27 20:07:58-04:00
96417,96418,y1775,42.36678365,-71.10595115,FEW_SEATS_AVAILABLE,STOPPED_AT,1,Harvard,334.0,19.0,2024-07-27 20:08:08-04:00
96423,96424,y1775,42.36710382,-71.1065377,FEW_SEATS_AVAILABLE,STOPPED_AT,1,Harvard,310.0,19.0,2024-07-27 20:08:18-04:00
96441,96442,y1775,42.3685379,-71.10845817,FEW_SEATS_AVAILABLE,STOPPED_AT,1,Harvard,36.0,20.0,2024-07-27 20:08:50-04:00
96447,96448,y1775,42.36833523,-71.10857801,FEW_SEATS_AVAILABLE,STOPPED_AT,1,Harvard,197.0,20.0,2024-07-27 20:09:01-04:00
96453,96454,y1775,42.3683733,-71.10858328,FEW_SEATS_AVAILABLE,STOPPED_AT,1,Harvard,0.0,20.0,2024-07-27 20:09:04-04:00
96459,96460,y1775,42.36831027,-71.10854335,FEW_SEATS_AVAILABLE,STOPPED_AT,1,Harvard,0.0,20.0,2024-07-27 20:09:16-04:00
96471,96472,y1775,42.36923948,-71.11086681,FEW_SEATS_AVAILABLE,STOPPED_AT,1,Harvard,304.0,21.0,2024-07-27 20:09:41-04:00
96477,96478,y1775,42.36934012,-71.11105287,FEW_SEATS_AVAILABLE,STOPPED_AT,1,Harvard,0.0,21.0,2024-07-27 20:09:53-04:00
96483,96484,y1775,42.3693432,-71.11130387,FEW_SEATS_AVAILABLE,STOPPED_AT,1,Harvard,281.0,21.0,2024-07-27 20:10:02-04:00
96495,96496,y1775,42.36991355,-71.11262507,FEW_SEATS_AVAILABLE,STOPPED_AT,1,Harvard,302.0,22.0,2024-07-27 20:10:20-04:00
96501,96502,y1775,42.37002172,-71.11313328,FEW_SEATS_AVAILABLE,STOPPED_AT,1,Harvard,330.0,22.0,2024-07-27 20:10:32-04:00
96507,96508,y1775,42.37007008,-71.11288366,FEW_SEATS_AVAILABLE,STOPPED_AT,1,Harvard,85.0,22.0,2024-07-27 20:10:41-04:00
96513,96514,y1775,42.36995106,-71.11290324,FEW_SEATS_AVAILABLE,STOPPED_AT,1,Harvard,121.0,22.0,2024-07-27 20:10:54-04:00
96519,96520,y1775,42.37024942,-71.11325207,FEW_SEATS_AVAILABLE,STOPPED_AT,1,Harvard,0.0,22.0,2024-07-27 20:11:06-04:00
96525,96526,y1775,42.3702814,-71.11330243,FEW_SEATS_AVAILABLE,STOPPED_AT,1,Harvard,0.0,22.0,2024-07-27 20:11:11-04:00
96531,96532,y1775,42.37029281,-71.1133409,FEW_SEATS_AVAILABLE,STOPPED_AT,1,Harvard,320.0,22.0,2024-07-27 20:11:21-04:00
96549,96550,y1775,42.37189884,-71.11514854,MANY_SEATS_AVAILABLE,STOPPED_AT,1,Harvard,325.0,23.0,2024-07-27 20:11:51-04:00
96555,96556,y1775,42.37205959,-71.11543163,MANY_SEATS_AVAILABLE,STOPPED_AT,1,Harvard,0.0,23.0,2024-07-27 20:12:00-04:00
96561,96562,y1775,42.37205479,-71.11541421,MANY_SEATS_AVAILABLE,STOPPED_AT,1,Harvard,0.0,23.0,2024-07-27 20:12:17-04:00
96567,96568,y1775,42.37213146,-71.11552871,MANY_SEATS_AVAILABLE,STOPPED_AT,1,Harvard,312.0,23.0,2024-07-27 20:12:24-04:00
96573,96574,y1775,42.37264797,-71.11608762,MANY_SEATS_AVAILABLE,STOPPED_AT,1,Harvard,316.0,23.0,2024-07-27 20:12:34-04:00
96579,96580,y1775,42.37292679,-71.11703397,MANY_SEATS_AVAILABLE,STOPPED_AT,1,Nubian,292.0,1.0,2024-07-27 20:12:46-04:00
96585,96586,y1775,42.37315789,-71.11773439,MANY_SEATS_AVAILABLE,STOPPED_AT,1,Nubian,293.0,1.0,2024-07-27 20:12:56-04:00
96591,96592,y1775,42.37320253,-71.11780766,MANY_SEATS_AVAILABLE,STOPPED_AT,1,Nubian,328.0,1.0,2024-07-27 20:13:05-04:00
96597,96598,y1775,42.37318862,-71.11781379,MANY_SEATS_AVAILABLE,STOPPED_AT,1,Nubian,270.0,1.0,2024-07-27 20:13:20-04:00
96603,96604,y1775,42.37320286,-71.11821019,MANY_SEATS_AVAILABLE,STOPPED_AT,1,Nubian,287.0,1.0,2024-07-27 20:13:27-04:00
96609,96610,y1775,42.37316516,-71.11823506,MANY_SEATS_AVAILABLE,STOPPED_AT,1,Nubian,0.0,1.0,2024-07-27 20:13:33-04:00
96615,96616,y1775,42.37318798,-71.11810898,MANY_SEATS_AVAILABLE,STOPPED_AT,1,Nubian,0.0,1.0,2024-07-27 20:13:45-04:00
96621,96622,y1775,42.37321,-71.1181,MANY_SEATS_AVAILABLE,STOPPED_AT,1,Nubian,270.0,1.0,2024-07-27 20:13:50-04:00
96657,96658,y1775,42.3732,-71.1181,MANY_SEATS_AVAILABLE,STOPPED_AT,1,Nubian,270.0,1.0,2024-07-27 20:14:51-04:00
96669,96670,y1775,42.37317034,-71.11812826,MANY_SEATS_AVAILABLE,STOPPED_AT,1,Nubian,0.0,1.0,2024-07-27 20:15:19-04:00
96675,96676,y1775,42.37316735,-71.11814912,MANY_SEATS_AVAILABLE,STOPPED_AT,1,Nubian,293.0,1.0,2024-07-27 20:15:25-04:00
96681,96682,y1775,42.37325206,-71.11861741,FEW_SEATS_AVAILABLE,STOPPED_AT,1,Nubian,283.0,1.0,2024-07-27 20:15:41-04:00
96739,96740,y1775,42.37098124,-71.1157799,FEW_SEATS_AVAILABLE,STOPPED_AT,1,Nubian,124.0,2.0,2024-07-27 20:17:25-04:00
96744,96745,y1775,42.37090832,-71.11570777,FEW_SEATS_AVAILABLE,STOPPED_AT,1,Nubian,0.0,2.0,2024-07-27 20:17:38-04:00
96749,96750,y1775,42.37092009,-71.11572229,FEW_SEATS_AVAILABLE,STOPPED_AT,1,Nubian,0.0,2.0,2024-07-27 20:17:41-04:00
96764,96765,y1775,42.3710055,-71.11589598,FEW_SEATS_AVAILABLE,STOPPED_AT,1,Nubian,0.0,2.0,2024-07-27 20:18:19-04:00
96769,96770,y1775,42.37102445,-71.1158392,FEW_SEATS_AVAILABLE,STOPPED_AT,1,Nubian,100.0,2.0,2024-07-27 20:18:24-04:00
96774,96775,y1775,42.37077079,-71.11510675,FEW_SEATS_AVAILABLE,STOPPED_AT,1,Nubian,115.0,2.0,2024-07-27 20:18:39-04:00
96784,96785,y1775,42.37014549,-71.11346574,FEW_SEATS_AVAILABLE,STOPPED_AT,1,Nubian,127.0,3.0,2024-07-27 20:18:59-04:00
96789,96790,y1775,42.37015263,-71.11349589,FEW_SEATS_AVAILABLE,STOPPED_AT,1,Nubian,0.0,3.0,2024-07-27 20:19:10-04:00
96794,96795,y1775,42.37014686,-71.11349377,FEW_SEATS_AVAILABLE,STOPPED_AT,1,Nubian,175.0,3.0,2024-07-27 20:19:21-04:00
96799,96800,y1775,42.37016384,-71.11355634,FEW_SEATS_AVAILABLE,STOPPED_AT,1,Nubian,0.0,3.0,2024-07-27 20:19:29-04:00
96809,96810,y1775,42.37013141,-71.11350383,FEW_SEATS_AVAILABLE,STOPPED_AT,1,Nubian,105.0,3.0,2024-07-27 20:19:48-04:00
96814,96815,y1775,42.36969417,-71.11233444,FEW_SEATS_AVAILABLE,STOPPED_AT,1,Nubian,125.0,3.0,2024-07-27 20:20:00-04:00
96824,96825,y1775,42.36910096,-71.11044633,FEW_SEATS_AVAILABLE,STOPPED_AT,1,Nubian,121.0,4.0,2024-07-27 20:20:21-04:00
96829,96830,y1775,42.36912289,-71.11048143,FEW_SEATS_AVAILABLE,STOPPED_AT,1,Nubian,0.0,4.0,2024-07-27 20:20:24-04:00
96834,96835,y1775,42.36912652,-71.11038745,FEW_SEATS_AVAILABLE,STOPPED_AT,1,Nubian,98.0,4.0,2024-07-27 20:20:36-04:00
96839,96840,y1775,42.36851772,-71.10922113,FEW_SEATS_AVAILABLE,STOPPED_AT,1,Nubian,138.0,4.0,2024-07-27 20:20:53-04:00
96849,96850,y1775,42.36777202,-71.10776081,FEW_SEATS_AVAILABLE,STOPPED_AT,1,Nubian,147.0,5.0,2024-07-27 20:21:15-04:00
96854,96855,y1775,42.36781479,-71.10782463,FEW_SEATS_AVAILABLE,STOPPED_AT,1,Nubian,103.0,5.0,2024-07-27 20:21:23-04:00
96859,96860,y1775,42.36791289,-71.10779021,FEW_SEATS_AVAILABLE,STOPPED_AT,1,Nubian,121.0,5.0,2024-07-27 20:21:32-04:00
96864,96865,y1775,42.36750636,-71.10711918,FEW_SEATS_AVAILABLE,STOPPED_AT,1,Nubian,131.0,5.0,2024-07-27 20:21:43-04:00
96874,96875,y1775,42.3671521,-71.10607048,FEW_SEATS_AVAILABLE,STOPPED_AT,1,Nubian,15.0,6.0,2024-07-27 20:22:06-04:00
96879,96880,y1775,42.36716431,-71.10593752,FEW_SEATS_AVAILABLE,STOPPED_AT,1,Nubian,288.0,6.0,2024-07-27 20:22:16-04:00
96884,96885,y1775,42.36702854,-71.10618834,FEW_SEATS_AVAILABLE,STOPPED_AT,1,Nubian,230.0,6.0,2024-07-27 20:22:25-04:00
96889,96890,y1775,42.36690643,-71.10598069,FEW_SEATS_AVAILABLE,STOPPED_AT,1,Nubian,191.0,6.0,2024-07-27 20:22:38-04:00
96894,96895,y1775,42.36688272,-71.10594866,FEW_SEATS_AVAILABLE,STOPPED_AT,1,Nubian,15.0,6.0,2024-07-27 20:22:47-04:00
96899,96900,y1775,42.36698965,-71.10603931,FEW_SEATS_AVAILABLE,STOPPED_AT,1,Nubian,0.0,6.0,2024-07-27 20:22:58-04:00
96904,96905,y1775,42.36679,-71.10595,FEW_SEATS_AVAILABLE,STOPPED_AT,1,Nubian,135.0,6.0,2024-07-27 20:23:05-04:00
96909,96910,y1775,42.36695044,-71.10602346,FEW_SEATS_AVAILABLE,STOPPED_AT,1,Nubian,0.0,6.0,2024-07-27 20:23:13-04:00
96914,96915,y1775,42.36643221,-71.10542531,FEW_SEATS_AVAILABLE,STOPPED_AT,1,Nubian,122.0,6.0,2024-07-27 20:23:29-04:00
96919,96920,y1775,42.36625675,-71.10504002,FEW_SEATS_AVAILABLE,STOPPED_AT,1,Nubian,126.0,6.0,2024-07-27 20:23:35-04:00
96939,96940,y1775,42.36520945,-71.10330869,FEW_SEATS_AVAILABLE,STOPPED_AT,1,Nubian,132.0,7.0,2024-07-27 20:24:13-04:00
96944,96945,y1775,42.36481779,-71.10274486,FEW_SEATS_AVAILABLE,STOPPED_AT,1,Nubian,135.0,7.0,2024-07-27 20:24:31-04:00
96949,96950,y1775,42.36484803,-71.10277167,FEW_SEATS_AVAILABLE,STOPPED_AT,1,Nubian,0.0,7.0,2024-07-27 20:24:33-04:00
96954,96955,y1775,42.36487199,-71.1027919,FEW_SEATS_AVAILABLE,STOPPED_AT,1,Nubian,111.0,7.0,2024-07-27 20:24:47-04:00
96959,96960,y1775,42.36461369,-71.10230261,FEW_SEATS_AVAILABLE,STOPPED_AT,1,Nubian,121.0,7.0,2024-07-27 20:25:02-04:00
96999,97000,y1775,42.36271256,-71.09918114,FEW_SEATS_AVAILABLE,STOPPED_AT,1,Nubian,37.0,8.0,2024-07-27 20:26:24-04:00
97004,97005,y1775,42.36273901,-71.09946596,FEW_SEATS_AVAILABLE,STOPPED_AT,1,Nubian,219.0,8.0,2024-07-27 20:26:33-04:00
97009,97010,y1775,42.3627028,-71.09933975,FEW_SEATS_AVAILABLE,STOPPED_AT,1,Nubian,0.0,8.0,2024-07-27 20:26:41-04:00
97014,97015,y1775,42.36242969,-71.09883729,FEW_SEATS_AVAILABLE,STOPPED_AT,1,Nubian,127.0,8.0,2024-07-27 20:26:55-04:00
97029,97030,y1775,42.3606161,-71.09577118,FEW_SEATS_AVAILABLE,STOPPED_AT,1,Nubian,130.0,9.0,2024-07-27 20:27:25-04:00
97034,97035,y1775,42.3605052,-71.0954538,FEW_SEATS_AVAILABLE,STOPPED_AT,1,Nubian,0.0,9.0,2024-07-27 20:27:35-04:00
97039,97040,y1775,42.3602943,-71.09505386,FEW_SEATS_AVAILABLE,STOPPED_AT,1,Nubian,127.0,9.0,2024-07-27 20:27:46-04:00
97074,97075,y1775,42.35879192,-71.0934518,FEW_SEATS_AVAILABLE,STOPPED_AT,1,Nubian,142.0,10.0,2024-07-27 20:28:59-04:00
97079,97080,y1775,42.35810445,-71.09307432,FEW_SEATS_AVAILABLE,STOPPED_AT,1,Nubian,163.0,10.0,2024-07-27 20:29:09-04:00
97139,97140,y1775,42.34983835,-71.08913129,FEW_SEATS_AVAILABLE,STOPPED_AT,1,Nubian,103.0,11.0,2024-07-27 20:31:14-04:00
97144,97145,y1775,42.34979797,-71.08910573,FEW_SEATS_AVAILABLE,STOPPED_AT,1,Nubian,0.0,11.0,2024-07-27 20:31:16-04:00
97154,97155,y1775,42.34885612,-71.08866881,FEW_SEATS_AVAILABLE,STOPPED_AT,1,Nubian,159.0,11.0,2024-07-27 20:31:43-04:00
97199,97200,y1775,42.34765482,-71.08810435,FEW_SEATS_AVAILABLE,STOPPED_AT,1,Nubian,178.0,12.0,2024-07-27 20:33:17-04:00
97204,97205,y1775,42.34758761,-71.08814523,FEW_SEATS_AVAILABLE,STOPPED_AT,1,Nubian,219.0,12.0,2024-07-27 20:33:26-04:00
97209,97210,y1775,42.34753077,-71.08811986,FEW_SEATS_AVAILABLE,STOPPED_AT,1,Nubian,0.0,12.0,2024-07-27 20:33:33-04:00
97224,97225,y1775,42.34751706,-71.08814223,FEW_SEATS_AVAILABLE,STOPPED_AT,1,Nubian,0.0,12.0,2024-07-27 20:34:08-04:00
97229,97230,y1775,42.34723248,-71.08787658,FEW_SEATS_AVAILABLE,STOPPED_AT,1,Nubian,155.0,12.0,2024-07-27 20:34:20-04:00
97259,97260,y1775,42.34427912,-71.08622107,FEW_SEATS_AVAILABLE,STOPPED_AT,1,Nubian,0.0,13.0,2024-07-27 20:35:20-04:00
97264,97265,y1775,42.34428,-71.08621691,FEW_SEATS_AVAILABLE,STOPPED_AT,1,Nubian,0.0,13.0,2024-07-27 20:35:30-04:00
97269,97270,y1775,42.34424555,-71.08620772,FEW_SEATS_AVAILABLE,STOPPED_AT,1,Nubian,136.0,13.0,2024-07-27 20:35:42-04:00
97274,97275,y1775,42.34357866,-71.08596984,FEW_SEATS_AVAILABLE,STOPPED_AT,1,Nubian,155.0,13.0,2024-07-27 20:35:52-04:00
97289,97290,y1775,42.34252257,-71.08464459,FEW_SEATS_AVAILABLE,STOPPED_AT,1,Nubian,157.0,14.0,2024-07-27 20:36:22-04:00
97294,97295,y1775,42.34255749,-71.08467009,FEW_SEATS_AVAILABLE,STOPPED_AT,1,Nubian,304.0,14.0,2024-07-27 20:36:29-04:00
97299,97300,y1775,42.34260979,-71.08475176,FEW_SEATS_AVAILABLE,STOPPED_AT,1,Nubian,0.0,14.0,2024-07-27 20:36:38-04:00
97309,97310,y1775,42.34256839,-71.08466227,FEW_SEATS_AVAILABLE,STOPPED_AT,1,Nubian,0.0,14.0,2024-07-27 20:37:02-04:00
97319,97320,y1775,42.34238561,-71.08436925,FEW_SEATS_AVAILABLE,STOPPED_AT,1,Nubian,156.0,14.0,2024-07-27 20:37:26-04:00
97324,97325,y1775,42.34226051,-71.08412942,FEW_SEATS_AVAILABLE,STOPPED_AT,1,Nubian,120.0,14.0,2024-07-27 20:37:33-04:00
97344,97345,y1775,42.34161949,-71.08329502,FEW_SEATS_AVAILABLE,STOPPED_AT,1,Nubian,0.0,15.0,2024-07-27 20:38:08-04:00
97349,97350,y1775,42.34160941,-71.08326311,FEW_SEATS_AVAILABLE,STOPPED_AT,1,Nubian,0.0,15.0,2024-07-27 20:38:20-04:00
97354,97355,y1775,42.34160598,-71.08325981,FEW_SEATS_AVAILABLE,STOPPED_AT,1,Nubian,0.0,15.0,2024-07-27 20:38:35-04:00
97359,97360,y1775,42.34105412,-71.08252428,FEW_SEATS_AVAILABLE,STOPPED_AT,1,Nubian,136.0,15.0,2024-07-27 20:38:48-04:00
97409,97410,y1775,42.33911277,-71.08005205,FEW_SEATS_AVAILABLE,STOPPED_AT,1,Nubian,88.0,16.0,2024-07-27 20:40:33-04:00
97414,97415,y1775,42.33906932,-71.08007892,FEW_SEATS_AVAILABLE,STOPPED_AT,1,Nubian,262.0,16.0,2024-07-27 20:40:42-04:00
97419,97420,y1775,42.3390178,-71.07995488,FEW_SEATS_AVAILABLE,STOPPED_AT,1,Nubian,113.0,16.0,2024-07-27 20:40:52-04:00
97469,97470,y1775,42.33641332,-71.07696614,MANY_SEATS_AVAILABLE,STOPPED_AT,1,Nubian,139.0,17.0,2024-07-27 20:42:36-04:00
97474,97475,y1775,42.33625574,-71.07676773,MANY_SEATS_AVAILABLE,STOPPED_AT,1,Nubian,125.0,17.0,2024-07-27 20:42:45-04:00
97479,97480,y1775,42.3362903,-71.0768356,MANY_SEATS_AVAILABLE,STOPPED_AT,1,Nubian,0.0,17.0,2024-07-27 20:42:52-04:00
97484,97485,y1775,42.33622994,-71.07666972,MANY_SEATS_AVAILABLE,STOPPED_AT,1,Nubian,126.0,17.0,2024-07-27 20:43:05-04:00
97492,97493,y1775,42.33471574,-71.07491211,MANY_SEATS_AVAILABLE,STOPPED_AT,1,Nubian,147.0,18.0,2024-07-27 20:43:25-04:00
97496,97497,y1775,42.33480074,-71.07473396,MANY_SEATS_AVAILABLE,STOPPED_AT,1,Nubian,31.0,18.0,2024-07-27 20:43:38-04:00
97500,97501,y1775,42.33477331,-71.07475235,MANY_SEATS_AVAILABLE,STOPPED_AT,1,Nubian,0.0,18.0,2024-07-27 20:43:40-04:00
97504,97505,y1775,42.3343485,-71.0743978,MANY_SEATS_AVAILABLE,STOPPED_AT,1,Nubian,132.0,18.0,2024-07-27 20:44:00-04:00
97516,97517,y1775,42.33394341,-71.07365155,MANY_SEATS_AVAILABLE,STOPPED_AT,1,Nubian,0.0,19.0,2024-07-27 20:44:26-04:00
97524,97525,y1775,42.33369917,-71.07358284,MANY_SEATS_AVAILABLE,STOPPED_AT,1,Nubian,163.0,19.0,2024-07-27 20:44:51-04:00
97528,97529,y1775,42.33308215,-71.07397612,MANY_SEATS_AVAILABLE,STOPPED_AT,1,Nubian,217.0,19.0,2024-07-27 20:45:01-04:00
97563,97564,y1775,42.33167,-71.07625,MANY_SEATS_AVAILABLE,STOPPED_AT,1,Nubian,225.0,20.0,2024-07-27 20:46:20-04:00
97568,97569,y1775,42.331617,-71.07640505,MANY_SEATS_AVAILABLE,STOPPED_AT,1,Nubian,0.0,20.0,2024-07-27 20:46:33-04:00
97573,97574,y1775,42.33144856,-71.0766297,MANY_SEATS_AVAILABLE,STOPPED_AT,1,Nubian,225.0,20.0,2024-07-27 20:46:46-04:00
97578,97579,y1775,42.33127125,-71.07691771,MANY_SEATS_AVAILABLE,STOPPED_AT,1,Nubian,237.0,20.0,2024-07-27 20:46:53-04:00
97593,97594,y1775,42.33203664,-71.07922417,MANY_SEATS_AVAILABLE,STOPPED_AT,1,Nubian,0.0,21.0,2024-07-27 20:47:26-04:00
97598,97599,y1775,42.33204245,-71.07925624,MANY_SEATS_AVAILABLE,STOPPED_AT,1,Nubian,0.0,21.0,2024-07-27 20:47:33-04:00
97608,97609,y1775,42.33203568,-71.07956924,MANY_SEATS_AVAILABLE,STOPPED_AT,1,Nubian,252.0,21.0,2024-07-27 20:47:55-04:00
97613,97614,y1775,42.33152328,-71.08029111,MANY_SEATS_AVAILABLE,STOPPED_AT,1,Nubian,228.0,21.0,2024-07-27 20:48:04-04:00
97618,97619,y1775,42.33118864,-71.08074616,MANY_SEATS_AVAILABLE,STOPPED_AT,1,Nubian,206.0,22.0,2024-07-27 20:48:15-04:00
97623,97624,y1775,42.3312,-71.08071,MANY_SEATS_AVAILABLE,STOPPED_AT,1,Nubian,225.0,22.0,2024-07-27 20:48:23-04:00
97628,97629,y1775,42.33110617,-71.08087542,MANY_SEATS_AVAILABLE,STOPPED_AT,1,Nubian,233.0,22.0,2024-07-27 20:48:33-04:00
97638,97639,y1775,42.32973177,-71.08238259,MANY_SEATS_AVAILABLE,STOPPED_AT,1,Nubian,207.0,23.0,2024-07-27 20:48:57-04:00
97668,97669,y1775,42.32905067,-71.082585,MANY_SEATS_AVAILABLE,STOPPED_AT,1,Harvard,0.0,1.0,2024-07-27 20:49:55-04:00
97673,97674,y1775,42.32895638,-71.08260928,MANY_SEATS_AVAILABLE,STOPPED_AT,1,Harvard,198.0,1.0,2024-07-27 20:50:09-04:00
97678,97679,y1775,42.32858041,-71.082838,MANY_SEATS_AVAILABLE,STOPPED_AT,1,Harvard,226.0,1.0,2024-07-27 20:50:19-04:00
97683,97684,y1775,42.32878025,-71.08346848,MANY_SEATS_AVAILABLE,STOPPED_AT,1,Harvard,331.0,1.0,2024-07-27 20:50:29-04:00
97688,97689,y1775,42.32952012,-71.08334744,MANY_SEATS_AVAILABLE,STOPPED_AT,1,Harvard,8.0,1.0,2024-07-27 20:50:41-04:00
97693,97694,y1775,42.33016965,-71.08324443,MANY_SEATS_AVAILABLE,STOPPED_AT,1,Harvard,11.0,1.0,2024-07-27 20:50:50-04:00
97698,97699,y1775,42.3302304,-71.08322883,MANY_SEATS_AVAILABLE,STOPPED_AT,1,Harvard,1.0,1.0,2024-07-27 20:50:53-04:00
97703,97704,y1775,42.33067519,-71.0833974,MANY_SEATS_AVAILABLE,STOPPED_AT,1,Harvard,276.0,1.0,2024-07-27 20:51:13-04:00
97708,97709,y1775,42.33044,-71.08381,MANY_SEATS_AVAILABLE,STOPPED_AT,1,Harvard,225.0,1.0,2024-07-27 20:51:23-04:00
97713,97714,y1775,42.33039907,-71.08389699,MANY_SEATS_AVAILABLE,STOPPED_AT,1,Harvard,242.0,1.0,2024-07-27 20:51:30-04:00
97718,97719,y1775,42.33012719,-71.08434927,MANY_SEATS_AVAILABLE,STOPPED_AT,1,Harvard,209.0,1.0,2024-07-27 20:51:41-04:00
97723,97724,y1775,42.32988532,-71.08428647,MANY_SEATS_AVAILABLE,STOPPED_AT,1,Harvard,87.0,1.0,2024-07-27 20:51:54-04:00
97728,97729,y1775,42.32990692,-71.08426407,MANY_SEATS_AVAILABLE,STOPPED_AT,1,Harvard,0.0,1.0,2024-07-27 20:52:04-04:00
97733,97734,y1775,42.32992472,-71.08425188,MANY_SEATS_AVAILABLE,STOPPED_AT,1,Harvard,96.0,1.0,2024-07-27 20:52:12-04:00
97738,97739,y1775,42.32986,-71.08429,MANY_SEATS_AVAILABLE,STOPPED_AT,1,Harvard,225.0,1.0,2024-07-27 20:52:23-04:00
97743,97744,y1775,42.32989797,-71.08420211,MANY_SEATS_AVAILABLE,STOPPED_AT,1,Harvard,0.0,1.0,2024-07-27 20:52:34-04:00
97748,97749,y1775,42.32991059,-71.08412901,MANY_SEATS_AVAILABLE,STOPPED_AT,1,Harvard,88.0,1.0,2024-07-27 20:52:41-04:00
97753,97754,y1775,42.32995626,-71.08401691,MANY_SEATS_AVAILABLE,STOPPED_AT,1,Harvard,0.0,1.0,2024-07-27 20:52:55-04:00
97758,97759,y1775,42.32994348,-71.08399936,MANY_SEATS_AVAILABLE,STOPPED_AT,1,Harvard,0.0,1.0,2024-07-27 20:53:00-04:00
97763,97764,y1775,42.32992598,-71.08401888,MANY_SEATS_AVAILABLE,STOPPED_AT,1,Harvard,0.0,1.0,2024-07-27 20:53:08-04:00
97773,97774,y1775,42.32986,-71.08408,MANY_SEATS_AVAILABLE,STOPPED_AT,1,Harvard,225.0,1.0,2024-07-27 20:53:25-04:00
97798,97799,y1775,42.32986,-71.08407,MANY_SEATS_AVAILABLE,STOPPED_AT,1,Harvard,225.0,1.0,2024-07-27 20:54:26-04:00
97828,97829,y1775,42.32986,-71.08407,MANY_SEATS_AVAILABLE,STOPPED_AT,1,Harvard,225.0,1.0,2024-07-27 20:55:26-04:00
97858,97859,y1775,42.32986,-71.08406,MANY_SEATS_AVAILABLE,STOPPED_AT,1,Harvard,225.0,1.0,2024-07-27 20:56:26-04:00
97888,97889,y1775,42.32986,-71.08405,MANY_SEATS_AVAILABLE,STOPPED_AT,1,Harvard,225.0,1.0,2024-07-27 20:57:26-04:00
97908,97909,y1775,42.32992598,-71.08401888,MANY_SEATS_AVAILABLE,STOPPED_AT,1,Harvard,0.0,1.0,2024-07-27 20:58:08-04:00
97913,97914,y1775,42.32985137,-71.08384235,MANY_SEATS_AVAILABLE,STOPPED_AT,1,Harvard,0.0,1.0,2024-07-27 20:58:27-04:00
97918,97919,y1775,42.3298806,-71.08371594,MANY_SEATS_AVAILABLE,STOPPED_AT,1,Harvard,106.0,1.0,2024-07-27 20:58:32-04:00
97923,97924,y1775,42.32986554,-71.08343537,MANY_SEATS_AVAILABLE,STOPPED_AT,1,Harvard,0.0,1.0,2024-07-27 20:58:44-04:00
97933,97934,y1775,42.32986792,-71.08345017,MANY_SEATS_AVAILABLE,STOPPED_AT,1,Harvard,0.0,1.0,2024-07-27 20:58:59-04:00
97938,97939,y1775,42.32986365,-71.08343982,MANY_SEATS_AVAILABLE,STOPPED_AT,1,Harvard,107.0,1.0,2024-07-27 20:59:16-04:00
97943,97944,y1775,42.32980373,-71.08344471,MANY_SEATS_AVAILABLE,STOPPED_AT,1,Harvard,0.0,1.0,2024-07-27 20:59:29-04:00
97948,97949,y1775,42.32980001,-71.0834443,MANY_SEATS_AVAILABLE,STOPPED_AT,1,Harvard,107.0,1.0,2024-07-27 20:59:36-04:00
97953,97954,y1775,42.32982663,-71.08322343,MANY_SEATS_AVAILABLE,STOPPED_AT,1,Harvard,58.0,1.0,2024-07-27 20:59:47-04:00
98037,98038,y1775,42.3286636,-71.08311548,MANY_SEATS_AVAILABLE,STOPPED_AT,1,Harvard,86.0,1.0,2024-07-27 21:03:14-04:00
98041,98042,y1775,42.32861,-71.08294,MANY_SEATS_AVAILABLE,STOPPED_AT,1,Harvard,90.0,1.0,2024-07-27 21:03:25-04:00
98045,98046,y1775,42.32863197,-71.08288719,MANY_SEATS_AVAILABLE,STOPPED_AT,1,Harvard,0.0,1.0,2024-07-27 21:03:33-04:00
98049,98050,y1775,42.32863377,-71.08288586,MANY_SEATS_AVAILABLE,STOPPED_AT,1,Harvard,105.0,1.0,2024-07-27 21:03:45-04:00
98053,98054,y1775,42.32868642,-71.0827004,MANY_SEATS_AVAILABLE,STOPPED_AT,1,Harvard,12.0,1.0,2024-07-27 21:03:56-04:00
98057,98058,y1775,42.32934416,-71.08251377,MANY_SEATS_AVAILABLE,STOPPED_AT,1,Harvard,15.0,1.0,2024-07-27 21:04:05-04:00
98061,98062,y1775,42.33049196,-71.08182792,MANY_SEATS_AVAILABLE,STOPPED_AT,1,Harvard,28.0,1.0,2024-07-27 21:04:17-04:00
98065,98066,y1775,42.33110244,-71.08097612,MANY_SEATS_AVAILABLE,STOPPED_AT,1,Harvard,49.0,1.0,2024-07-27 21:04:27-04:00
98069,98070,y1775,42.33148607,-71.08025248,MANY_SEATS_AVAILABLE,STOPPED_AT,1,Harvard,49.0,1.0,2024-07-27 21:04:35-04:00
98073,98074,y1775,42.33180151,-71.07970705,MANY_SEATS_AVAILABLE,STOPPED_AT,1,Harvard,30.0,1.0,2024-07-27 21:04:49-04:00
98077,98078,y1775,42.3318187,-71.07969661,MANY_SEATS_AVAILABLE,STOPPED_AT,1,Harvard,0.0,1.0,2024-07-27 21:04:56-04:00
98081,98082,y1775,42.33183046,-71.0797053,MANY_SEATS_AVAILABLE,STOPPED_AT,1,Harvard,0.0,1.0,2024-07-27 21:05:05-04:00
98089,98090,y1775,42.33182828,-71.07970531,MANY_SEATS_AVAILABLE,STOPPED_AT,1,Harvard,0.0,1.0,2024-07-27 21:05:31-04:00
98093,98094,y1775,42.33184177,-71.07967555,MANY_SEATS_AVAILABLE,STOPPED_AT,1,Harvard,56.0,1.0,2024-07-27 21:05:37-04:00
98117,98118,y1775,42.33155787,-71.07641304,MANY_SEATS_AVAILABLE,STOPPED_AT,1,Harvard,49.0,5.0,2024-07-27 21:06:42-04:00
98180,98181,y1775,42.33462931,-71.07446147,MANY_SEATS_AVAILABLE,STOPPED_AT,1,Harvard,319.0,6.0,2024-07-27 21:09:25-04:00
98184,98185,y1775,42.33475792,-71.07493035,MANY_SEATS_AVAILABLE,STOPPED_AT,1,Harvard,0.0,7.0,2024-07-27 21:09:37-04:00
98188,98189,y1775,42.33477576,-71.07495747,MANY_SEATS_AVAILABLE,STOPPED_AT,1,Harvard,318.0,7.0,2024-07-27 21:09:44-04:00
98192,98193,y1775,42.33485583,-71.07503688,MANY_SEATS_AVAILABLE,STOPPED_AT,1,Harvard,0.0,7.0,2024-07-27 21:09:53-04:00
98196,98197,y1775,42.33485378,-71.07501399,MANY_SEATS_AVAILABLE,STOPPED_AT,1,Harvard,0.0,7.0,2024-07-27 21:10:01-04:00
98200,98201,y1775,42.33488334,-71.07505491,MANY_SEATS_AVAILABLE,STOPPED_AT,1,Harvard,315.0,7.0,2024-07-27 21:10:21-04:00
98204,98205,y1775,42.3353495,-71.07559052,MANY_SEATS_AVAILABLE,STOPPED_AT,1,Harvard,318.0,7.0,2024-07-27 21:10:28-04:00
98216,98217,y1775,42.33624795,-71.07668085,MANY_SEATS_AVAILABLE,STOPPED_AT,1,Harvard,0.0,8.0,2024-07-27 21:11:01-04:00
98236,98237,y1775,42.33626958,-71.07671081,MANY_SEATS_AVAILABLE,STOPPED_AT,1,Harvard,312.0,8.0,2024-07-27 21:11:54-04:00
98240,98241,y1775,42.33651023,-71.07698833,MANY_SEATS_AVAILABLE,STOPPED_AT,1,Harvard,322.0,8.0,2024-07-27 21:11:59-04:00
98244,98245,y1775,42.33675519,-71.07718064,MANY_SEATS_AVAILABLE,STOPPED_AT,1,Harvard,0.0,8.0,2024-07-27 21:12:10-04:00
98248,98249,y1775,42.33675492,-71.07718447,MANY_SEATS_AVAILABLE,STOPPED_AT,1,Harvard,0.0,8.0,2024-07-27 21:12:23-04:00
98260,98261,y1775,42.33677,-71.07719,MANY_SEATS_AVAILABLE,STOPPED_AT,1,Harvard,315.0,8.0,2024-07-27 21:12:44-04:00
98264,98265,y1775,42.33692316,-71.07738779,MANY_SEATS_AVAILABLE,STOPPED_AT,1,Harvard,320.0,8.0,2024-07-27 21:13:05-04:00
98280,98281,y1775,42.3391846,-71.08023679,MANY_SEATS_AVAILABLE,STOPPED_AT,1,Harvard,144.0,9.0,2024-07-27 21:13:46-04:00
98284,98285,y1775,42.33912098,-71.08021317,MANY_SEATS_AVAILABLE,STOPPED_AT,1,Harvard,307.0,9.0,2024-07-27 21:13:57-04:00
98288,98289,y1775,42.33916602,-71.08032953,MANY_SEATS_AVAILABLE,STOPPED_AT,1,Harvard,0.0,9.0,2024-07-27 21:14:01-04:00
98300,98301,y1775,42.3392,-71.08017,MANY_SEATS_AVAILABLE,STOPPED_AT,1,Harvard,315.0,9.0,2024-07-27 21:14:32-04:00
98304,98305,y1775,42.33920945,-71.08027162,MANY_SEATS_AVAILABLE,STOPPED_AT,1,Harvard,0.0,9.0,2024-07-27 21:14:46-04:00
98308,98309,y1775,42.33958697,-71.08067057,MANY_SEATS_AVAILABLE,STOPPED_AT,1,Harvard,314.0,9.0,2024-07-27 21:14:58-04:00
98312,98313,y1775,42.34039731,-71.08130569,MANY_SEATS_AVAILABLE,STOPPED_AT,1,Harvard,326.0,9.0,2024-07-27 21:15:07-04:00
98320,98321,y1775,42.34159612,-71.08305851,MANY_SEATS_AVAILABLE,STOPPED_AT,1,Harvard,312.0,10.0,2024-07-27 21:15:28-04:00
98324,98325,y1775,42.34199771,-71.08368217,MANY_SEATS_AVAILABLE,STOPPED_AT,1,Harvard,307.0,10.0,2024-07-27 21:15:38-04:00
98328,98329,y1775,42.34203545,-71.08393905,MANY_SEATS_AVAILABLE,STOPPED_AT,1,Harvard,301.0,11.0,2024-07-27 21:15:50-04:00
98332,98333,y1775,42.34216,-71.08395,MANY_SEATS_AVAILABLE,STOPPED_AT,1,Harvard,315.0,11.0,2024-07-27 21:15:57-04:00
98336,98337,y1775,42.34239674,-71.08439344,MANY_SEATS_AVAILABLE,STOPPED_AT,1,Harvard,0.0,11.0,2024-07-27 21:16:09-04:00
98344,98345,y1775,42.34239243,-71.08443078,MANY_SEATS_AVAILABLE,STOPPED_AT,1,Harvard,0.0,11.0,2024-07-27 21:16:24-04:00
98356,98357,y1775,42.34239,-71.08424,MANY_SEATS_AVAILABLE,STOPPED_AT,1,Harvard,315.0,11.0,2024-07-27 21:16:57-04:00
98372,98373,y1775,42.34239772,-71.08440211,MANY_SEATS_AVAILABLE,STOPPED_AT,1,Harvard,0.0,11.0,2024-07-27 21:17:40-04:00
98376,98377,y1775,42.3424284,-71.08445051,MANY_SEATS_AVAILABLE,STOPPED_AT,1,Harvard,317.0,11.0,2024-07-27 21:17:50-04:00
98392,98393,y1775,42.34544038,-71.08688564,MANY_SEATS_AVAILABLE,STOPPED_AT,1,Harvard,335.0,12.0,2024-07-27 21:18:35-04:00
98396,98397,y1775,42.34533096,-71.08699643,MANY_SEATS_AVAILABLE,STOPPED_AT,1,Harvard,263.0,12.0,2024-07-27 21:18:44-04:00
98400,98401,y1775,42.34538887,-71.08701685,MANY_SEATS_AVAILABLE,STOPPED_AT,1,Harvard,275.0,12.0,2024-07-27 21:18:55-04:00
98404,98405,y1775,42.34577611,-71.08702842,MANY_SEATS_AVAILABLE,STOPPED_AT,1,Harvard,347.0,12.0,2024-07-27 21:19:08-04:00
98428,98429,y1775,42.34764102,-71.08788153,MANY_SEATS_AVAILABLE,STOPPED_AT,1,Harvard,339.0,13.0,2024-07-27 21:20:05-04:00
98432,98433,y1775,42.34773956,-71.08803818,MANY_SEATS_AVAILABLE,STOPPED_AT,1,Harvard,16.0,13.0,2024-07-27 21:20:16-04:00
98436,98437,y1775,42.34774791,-71.08808065,MANY_SEATS_AVAILABLE,STOPPED_AT,1,Harvard,0.0,13.0,2024-07-27 21:20:21-04:00
98440,98441,y1775,42.34775503,-71.08818767,MANY_SEATS_AVAILABLE,STOPPED_AT,1,Harvard,330.0,13.0,2024-07-27 21:20:35-04:00
98444,98445,y1775,42.34888,-71.08857,MANY_SEATS_AVAILABLE,STOPPED_AT,1,Harvard,0.0,13.0,2024-07-27 21:20:51-04:00
98553,98554,y1775,42.35894169,-71.09352184,MANY_SEATS_AVAILABLE,STOPPED_AT,1,Harvard,0.0,15.0,2024-07-27 21:24:27-04:00
98565,98566,y1775,42.35897443,-71.09352452,MANY_SEATS_AVAILABLE,STOPPED_AT,1,Harvard,342.0,15.0,2024-07-27 21:24:46-04:00
98571,98572,y1775,42.35976307,-71.09430404,MANY_SEATS_AVAILABLE,STOPPED_AT,1,Harvard,318.0,15.0,2024-07-27 21:24:57-04:00
98577,98578,y1775,42.35994348,-71.09456353,MANY_SEATS_AVAILABLE,STOPPED_AT,1,Harvard,311.0,15.0,2024-07-27 21:25:04-04:00
98601,98602,y1775,42.36088995,-71.09603962,MANY_SEATS_AVAILABLE,STOPPED_AT,1,Harvard,308.0,16.0,2024-07-27 21:25:50-04:00
98643,98644,y1775,42.36287852,-71.09961601,MANY_SEATS_AVAILABLE,STOPPED_AT,1,Harvard,237.0,17.0,2024-07-27 21:27:03-04:00
98649,98650,y1775,42.36283381,-71.09954798,MANY_SEATS_AVAILABLE,STOPPED_AT,1,Harvard,0.0,17.0,2024-07-27 21:27:08-04:00
98655,98656,y1775,42.3628453,-71.09948653,MANY_SEATS_AVAILABLE,STOPPED_AT,1,Harvard,0.0,17.0,2024-07-27 21:27:15-04:00
98661,98662,y1775,42.36286866,-71.09956295,MANY_SEATS_AVAILABLE,STOPPED_AT,1,Harvard,303.0,17.0,2024-07-27 21:27:33-04:00
98667,98668,y1775,42.36335412,-71.10028765,MANY_SEATS_AVAILABLE,STOPPED_AT,1,Harvard,307.0,17.0,2024-07-27 21:27:46-04:00
98739,98740,y1775,42.3649652,-71.10298173,MANY_SEATS_AVAILABLE,STOPPED_AT,1,Harvard,0.0,18.0,2024-07-27 21:29:45-04:00
98745,98746,y1775,42.36495903,-71.10300762,MANY_SEATS_AVAILABLE,STOPPED_AT,1,Harvard,0.0,18.0,2024-07-27 21:29:54-04:00
98751,98752,y1775,42.36496981,-71.10299882,MANY_SEATS_AVAILABLE,STOPPED_AT,1,Harvard,0.0,18.0,2024-07-27 21:30:07-04:00
98757,98758,y1775,42.36499198,-71.10303619,MANY_SEATS_AVAILABLE,STOPPED_AT,1,Harvard,307.0,18.0,2024-07-27 21:30:17-04:00
98763,98764,y1775,42.36516664,-71.10331539,MANY_SEATS_AVAILABLE,STOPPED_AT,1,Harvard,310.0,18.0,2024-07-27 21:30:25-04:00
98769,98770,y1775,42.36529854,-71.10352644,MANY_SEATS_AVAILABLE,STOPPED_AT,1,Harvard,0.0,18.0,2024-07-27 21:30:35-04:00
98775,98776,y1775,42.36532,-71.10342,MANY_SEATS_AVAILABLE,STOPPED_AT,1,Harvard,315.0,18.0,2024-07-27 21:30:49-04:00
98781,98782,y1775,42.36529971,-71.10355146,MANY_SEATS_AVAILABLE,STOPPED_AT,1,Harvard,0.0,18.0,2024-07-27 21:30:55-04:00
98793,98794,y1775,42.36529483,-71.10355973,MANY_SEATS_AVAILABLE,STOPPED_AT,1,Harvard,0.0,18.0,2024-07-27 21:31:17-04:00
98799,98800,y1775,42.3653207,-71.10358696,MANY_SEATS_AVAILABLE,STOPPED_AT,1,Harvard,322.0,18.0,2024-07-27 21:31:32-04:00
98805,98806,y1775,42.36571745,-71.10415211,MANY_SEATS_AVAILABLE,STOPPED_AT,1,Harvard,307.0,18.0,2024-07-27 21:31:41-04:00
98823,98824,y1775,42.36690024,-71.10613837,MANY_SEATS_AVAILABLE,STOPPED_AT,1,Harvard,311.0,19.0,2024-07-27 21:32:12-04:00
98841,98842,y1775,42.36837899,-71.10855434,MANY_SEATS_AVAILABLE,STOPPED_AT,1,Harvard,0.0,20.0,2024-07-27 21:32:45-04:00
98847,98848,y1775,42.36832,-71.10861,MANY_SEATS_AVAILABLE,STOPPED_AT,1,Harvard,315.0,20.0,2024-07-27 21:32:50-04:00
98853,98854,y1775,42.36836909,-71.10868896,MANY_SEATS_AVAILABLE,STOPPED_AT,1,Harvard,305.0,20.0,2024-07-27 21:33:05-04:00
98859,98860,y1775,42.36865832,-71.10924628,MANY_SEATS_AVAILABLE,STOPPED_AT,1,Harvard,302.0,20.0,2024-07-27 21:33:12-04:00
98871,98872,y1775,42.36922458,-71.11085945,MANY_SEATS_AVAILABLE,STOPPED_AT,1,Harvard,293.0,21.0,2024-07-27 21:33:33-04:00
98877,98878,y1775,42.36949203,-71.11116892,MANY_SEATS_AVAILABLE,STOPPED_AT,1,Harvard,301.0,21.0,2024-07-27 21:33:46-04:00
98883,98884,y1775,42.36934796,-71.1112082,MANY_SEATS_AVAILABLE,STOPPED_AT,1,Harvard,302.0,21.0,2024-07-27 21:33:52-04:00
98913,98914,y1775,42.36986891,-71.11271235,MANY_SEATS_AVAILABLE,STOPPED_AT,1,Harvard,277.0,22.0,2024-07-27 21:34:47-04:00
98919,98920,y1775,42.36985,-71.11264,MANY_SEATS_AVAILABLE,STOPPED_AT,1,Harvard,315.0,22.0,2024-07-27 21:34:52-04:00
98925,98926,y1775,42.36985729,-71.11267627,MANY_SEATS_AVAILABLE,STOPPED_AT,1,Harvard,0.0,22.0,2024-07-27 21:35:00-04:00
98955,98956,y1775,42.36986125,-71.11267582,MANY_SEATS_AVAILABLE,STOPPED_AT,1,Harvard,0.0,22.0,2024-07-27 21:35:58-04:00
98961,98962,y1775,42.3702005,-71.11315133,MANY_SEATS_AVAILABLE,STOPPED_AT,1,Harvard,311.0,22.0,2024-07-27 21:36:11-04:00
98967,98968,y1775,42.37029109,-71.11317929,MANY_SEATS_AVAILABLE,STOPPED_AT,1,Harvard,0.0,22.0,2024-07-27 21:36:18-04:00
98973,98974,y1775,42.37057982,-71.11366404,MANY_SEATS_AVAILABLE,STOPPED_AT,1,Harvard,314.0,22.0,2024-07-27 21:36:33-04:00
98997,98998,y1775,42.37241636,-71.11599968,MANY_SEATS_AVAILABLE,STOPPED_AT,1,Harvard,317.0,23.0,2024-07-27 21:37:10-04:00
99003,99004,y1775,42.37281069,-71.11703871,MANY_SEATS_AVAILABLE,STOPPED_AT,1,Nubian,288.0,1.0,2024-07-27 21:37:22-04:00
99009,99010,y1775,42.37316448,-71.11800509,MANY_SEATS_AVAILABLE,STOPPED_AT,1,Nubian,310.0,1.0,2024-07-27 21:37:34-04:00
99015,99016,y1775,42.37324489,-71.11802052,MANY_SEATS_AVAILABLE,STOPPED_AT,1,Nubian,41.0,1.0,2024-07-27 21:37:43-04:00
99021,99022,y1775,42.3730595,-71.11817103,MANY_SEATS_AVAILABLE,STOPPED_AT,1,Nubian,0.0,1.0,2024-07-27 21:37:55-04:00
99039,99040,y1775,42.37319,-71.11807,MANY_SEATS_AVAILABLE,STOPPED_AT,1,Nubian,270.0,1.0,2024-07-27 21:38:24-04:00
99045,99046,y1775,42.37317474,-71.11826692,MANY_SEATS_AVAILABLE,STOPPED_AT,1,Nubian,293.0,1.0,2024-07-27 21:38:36-04:00
99051,99052,y1775,42.37323467,-71.11869316,MANY_SEATS_AVAILABLE,STOPPED_AT,1,Nubian,283.0,1.0,2024-07-27 21:38:46-04:00
99111,99112,y1775,42.37082044,-71.11526168,MANY_SEATS_AVAILABLE,STOPPED_AT,1,Nubian,115.0,2.0,2024-07-27 21:40:28-04:00
99135,99136,y1775,42.37030335,-71.11390654,MANY_SEATS_AVAILABLE,STOPPED_AT,1,Nubian,131.0,3.0,2024-07-27 21:41:07-04:00
99141,99142,y1775,42.37026154,-71.11375458,MANY_SEATS_AVAILABLE,STOPPED_AT,1,Nubian,108.0,3.0,2024-07-27 21:41:19-04:00
99147,99148,y1775,42.37020218,-71.11354958,MANY_SEATS_AVAILABLE,STOPPED_AT,1,Nubian,111.0,3.0,2024-07-27 21:41:32-04:00
99153,99154,y1775,42.37006801,-71.11318851,MANY_SEATS_AVAILABLE,STOPPED_AT,1,Nubian,106.0,3.0,2024-07-27 21:41:40-04:00
99159,99160,y1775,42.36970673,-71.11230522,MANY_SEATS_AVAILABLE,STOPPED_AT,1,Nubian,118.0,3.0,2024-07-27 21:41:51-04:00
99177,99178,y1775,42.36904572,-71.11013817,MANY_SEATS_AVAILABLE,STOPPED_AT,1,Nubian,106.0,4.0,2024-07-27 21:42:21-04:00
99201,99202,y1775,42.36776406,-71.10765039,MANY_SEATS_AVAILABLE,STOPPED_AT,1,Nubian,133.0,5.0,2024-07-27 21:43:03-04:00
99207,99208,y1775,42.36731638,-71.10687747,MANY_SEATS_AVAILABLE,STOPPED_AT,1,Nubian,126.0,5.0,2024-07-27 21:43:12-04:00
99225,99226,y1775,42.36654188,-71.10570243,MANY_SEATS_AVAILABLE,STOPPED_AT,1,Nubian,135.0,6.0,2024-07-27 21:43:44-04:00
99236,99237,y1775,42.36619134,-71.10508677,MANY_SEATS_AVAILABLE,STOPPED_AT,1,Nubian,130.0,6.0,2024-07-27 21:44:06-04:00
99308,99309,y1775,42.36510722,-71.10339533,MANY_SEATS_AVAILABLE,STOPPED_AT,1,Nubian,0.0,7.0,2024-07-27 21:46:08-04:00
99314,99315,y1775,42.3651295,-71.10337133,MANY_SEATS_AVAILABLE,STOPPED_AT,1,Nubian,0.0,7.0,2024-07-27 21:46:17-04:00
99320,99321,y1775,42.36486264,-71.10294659,MANY_SEATS_AVAILABLE,STOPPED_AT,1,Nubian,132.0,7.0,2024-07-27 21:46:28-04:00
99326,99327,y1775,42.36477976,-71.10282962,MANY_SEATS_AVAILABLE,STOPPED_AT,1,Nubian,0.0,7.0,2024-07-27 21:46:36-04:00
99338,99339,y1775,42.36477438,-71.10281071,MANY_SEATS_AVAILABLE,STOPPED_AT,1,Nubian,100.0,7.0,2024-07-27 21:47:02-04:00
99344,99345,y1775,42.36460324,-71.10252436,MANY_SEATS_AVAILABLE,STOPPED_AT,1,Nubian,123.0,7.0,2024-07-27 21:47:13-04:00
99398,99399,y1775,42.36287432,-71.09941863,MANY_SEATS_AVAILABLE,STOPPED_AT,1,Nubian,121.0,8.0,2024-07-27 21:48:43-04:00
99440,99441,y1775,42.36062133,-71.09565865,MANY_SEATS_AVAILABLE,STOPPED_AT,1,Nubian,141.0,9.0,2024-07-27 21:49:59-04:00
99446,99447,y1775,42.36060375,-71.0956564,MANY_SEATS_AVAILABLE,STOPPED_AT,1,Nubian,0.0,9.0,2024-07-27 21:50:02-04:00
99452,99453,y1775,42.36058577,-71.09559995,MANY_SEATS_AVAILABLE,STOPPED_AT,1,Nubian,127.0,9.0,2024-07-27 21:50:19-04:00
99458,99459,y1775,42.36050707,-71.09552309,MANY_SEATS_AVAILABLE,STOPPED_AT,1,Nubian,0.0,9.0,2024-07-27 21:50:28-04:00
99464,99465,y1775,42.36051303,-71.09556204,MANY_SEATS_AVAILABLE,STOPPED_AT,1,Nubian,0.0,9.0,2024-07-27 21:50:34-04:00
99470,99471,y1775,42.36049877,-71.09553557,MANY_SEATS_AVAILABLE,STOPPED_AT,1,Nubian,125.0,9.0,2024-07-27 21:50:49-04:00
99500,99501,y1775,42.35800774,-71.09310224,MANY_SEATS_AVAILABLE,STOPPED_AT,1,Nubian,158.0,10.0,2024-07-27 21:51:40-04:00
99572,99573,y1775,42.34976817,-71.08904771,MANY_SEATS_AVAILABLE,STOPPED_AT,1,Nubian,163.0,11.0,2024-07-27 21:53:44-04:00
99578,99579,y1775,42.3491934,-71.08876642,MANY_SEATS_AVAILABLE,STOPPED_AT,1,Nubian,164.0,11.0,2024-07-27 21:53:55-04:00
99608,99609,y1775,42.34759181,-71.08815064,MANY_SEATS_AVAILABLE,STOPPED_AT,1,Nubian,0.0,12.0,2024-07-27 21:54:42-04:00
99614,99615,y1775,42.34758773,-71.08815487,MANY_SEATS_AVAILABLE,STOPPED_AT,1,Nubian,0.0,12.0,2024-07-27 21:54:50-04:00
99626,99627,y1775,42.34753389,-71.08814042,MANY_SEATS_AVAILABLE,STOPPED_AT,1,Nubian,0.0,12.0,2024-07-27 21:55:16-04:00
99632,99633,y1775,42.34752826,-71.08814223,MANY_SEATS_AVAILABLE,STOPPED_AT,1,Nubian,216.0,12.0,2024-07-27 21:55:27-04:00
99638,99639,y1775,42.34750625,-71.08807429,MANY_SEATS_AVAILABLE,STOPPED_AT,1,Nubian,0.0,12.0,2024-07-27 21:55:33-04:00
99644,99645,y1775,42.34753821,-71.08804792,MANY_SEATS_AVAILABLE,STOPPED_AT,1,Nubian,0.0,12.0,2024-07-27 21:55:44-04:00
99650,99651,y1775,42.347567,-71.0881292,MANY_SEATS_AVAILABLE,STOPPED_AT,1,Nubian,0.0,12.0,2024-07-27 21:56:01-04:00
99656,99657,y1775,42.34753783,-71.08815033,MANY_SEATS_AVAILABLE,STOPPED_AT,1,Nubian,200.0,12.0,2024-07-27 21:56:10-04:00
99662,99663,y1775,42.34702524,-71.08770853,MANY_SEATS_AVAILABLE,STOPPED_AT,1,Nubian,122.0,12.0,2024-07-27 21:56:20-04:00
99686,99687,y1775,42.3442308,-71.08639879,MANY_SEATS_AVAILABLE,STOPPED_AT,1,Nubian,98.0,13.0,2024-07-27 21:57:03-04:00
99692,99693,y1775,42.34423238,-71.08638382,MANY_SEATS_AVAILABLE,STOPPED_AT,1,Nubian,0.0,13.0,2024-07-27 21:57:08-04:00
99698,99699,y1775,42.34420884,-71.08636574,MANY_SEATS_AVAILABLE,STOPPED_AT,1,Nubian,0.0,13.0,2024-07-27 21:57:20-04:00
99740,99741,y1775,42.34266743,-71.08484986,MANY_SEATS_AVAILABLE,STOPPED_AT,1,Nubian,139.0,14.0,2024-07-27 21:58:33-04:00
99746,99747,y1775,42.34247304,-71.08459837,MANY_SEATS_AVAILABLE,STOPPED_AT,1,Nubian,120.0,14.0,2024-07-27 21:58:45-04:00
99752,99753,y1775,42.34244208,-71.08456735,MANY_SEATS_AVAILABLE,STOPPED_AT,1,Nubian,138.0,14.0,2024-07-27 21:58:56-04:00
99758,99759,y1775,42.34217737,-71.08425227,MANY_SEATS_AVAILABLE,STOPPED_AT,1,Nubian,132.0,14.0,2024-07-27 21:59:05-04:00
99800,99801,y1775,42.34179,-71.08361,MANY_SEATS_AVAILABLE,STOPPED_AT,1,Nubian,135.0,15.0,2024-07-27 22:00:18-04:00
99806,99807,y1775,42.34139453,-71.08308792,MANY_SEATS_AVAILABLE,STOPPED_AT,1,Nubian,127.0,15.0,2024-07-27 22:00:29-04:00
99812,99813,y1775,42.34144437,-71.08313858,MANY_SEATS_AVAILABLE,STOPPED_AT,1,Nubian,0.0,15.0,2024-07-27 22:00:34-04:00
99818,99819,y1775,42.34145799,-71.08315932,MANY_SEATS_AVAILABLE,STOPPED_AT,1,Nubian,0.0,15.0,2024-07-27 22:00:45-04:00
99824,99825,y1775,42.34135665,-71.08292325,MANY_SEATS_AVAILABLE,STOPPED_AT,1,Nubian,125.0,15.0,2024-07-27 22:00:59-04:00
99890,99891,y1775,42.33901553,-71.08016174,MANY_SEATS_AVAILABLE,STOPPED_AT,1,Nubian,147.0,16.0,2024-07-27 22:02:52-04:00
99896,99897,y1775,42.339011,-71.08017186,MANY_SEATS_AVAILABLE,STOPPED_AT,1,Nubian,313.0,16.0,2024-07-27 22:03:02-04:00
99902,99903,y1775,42.33900459,-71.08019368,MANY_SEATS_AVAILABLE,STOPPED_AT,1,Nubian,0.0,16.0,2024-07-27 22:03:06-04:00
99956,99957,y1775,42.33656812,-71.07712097,MANY_SEATS_AVAILABLE,STOPPED_AT,1,Nubian,156.0,17.0,2024-07-27 22:04:45-04:00
99962,99963,y1775,42.33654034,-71.07713447,MANY_SEATS_AVAILABLE,STOPPED_AT,1,Nubian,0.0,17.0,2024-07-27 22:04:48-04:00
99968,99969,y1775,42.33635657,-71.07685117,MANY_SEATS_AVAILABLE,STOPPED_AT,1,Nubian,143.0,17.0,2024-07-27 22:05:03-04:00
99974,99975,y1775,42.33614398,-71.07674091,MANY_SEATS_AVAILABLE,STOPPED_AT,1,Nubian,187.0,17.0,2024-07-27 22:05:16-04:00
99980,99981,y1775,42.33606212,-71.07671215,MANY_SEATS_AVAILABLE,STOPPED_AT,1,Nubian,93.0,17.0,2024-07-27 22:05:28-04:00
99986,99987,y1775,42.33600541,-71.07648811,MANY_SEATS_AVAILABLE,STOPPED_AT,1,Nubian,141.0,17.0,2024-07-27 22:05:38-04:00
100004,100005,y1775,42.33404361,-71.07415361,MANY_SEATS_AVAILABLE,STOPPED_AT,1,Nubian,139.0,18.0,2024-07-27 22:06:08-04:00
100010,100011,y1775,42.33392307,-71.07388548,MANY_SEATS_AVAILABLE,STOPPED_AT,1,Nubian,134.0,19.0,2024-07-27 22:06:18-04:00
100016,100017,y1775,42.333884,-71.07389217,MANY_SEATS_AVAILABLE,STOPPED_AT,1,Nubian,53.0,19.0,2024-07-27 22:06:29-04:00
100022,100023,y1775,42.3339242,-71.07384095,MANY_SEATS_AVAILABLE,STOPPED_AT,1,Nubian,127.0,19.0,2024-07-27 22:06:40-04:00
100028,100029,y1775,42.33377094,-71.07361588,MANY_SEATS_AVAILABLE,STOPPED_AT,1,Nubian,133.0,19.0,2024-07-27 22:06:49-04:00
100034,100035,y1775,42.3336932,-71.07353835,MANY_SEATS_AVAILABLE,STOPPED_AT,1,Nubian,131.0,19.0,2024-07-27 22:07:01-04:00
100040,100041,y1775,42.333409,-71.07348903,MANY_SEATS_AVAILABLE,STOPPED_AT,1,Nubian,200.0,19.0,2024-07-27 22:07:08-04:00
100100,100101,y1775,42.33134976,-71.07669901,MANY_SEATS_AVAILABLE,STOPPED_AT,1,Nubian,231.0,20.0,2024-07-27 22:08:54-04:00
100106,100107,y1775,42.33127018,-71.07717529,MANY_SEATS_AVAILABLE,STOPPED_AT,1,Nubian,286.0,20.0,2024-07-27 22:09:04-04:00
100118,100119,y1775,42.33223445,-71.07965988,MANY_SEATS_AVAILABLE,STOPPED_AT,1,Nubian,302.0,21.0,2024-07-27 22:09:23-04:00
100160,100161,y1775,42.33211095,-71.0816604,MANY_SEATS_AVAILABLE,STOPPED_AT,1,Nubian,224.0,22.0,2024-07-27 22:10:35-04:00
100166,100167,y1775,42.33205713,-71.08176639,MANY_SEATS_AVAILABLE,STOPPED_AT,1,Nubian,196.0,22.0,2024-07-27 22:10:42-04:00
100172,100173,y1775,42.33153058,-71.08220093,MANY_SEATS_AVAILABLE,STOPPED_AT,1,Nubian,222.0,22.0,2024-07-27 22:10:57-04:00
100178,100179,y1775,42.33088567,-71.08301239,MANY_SEATS_AVAILABLE,STOPPED_AT,1,Nubian,221.0,23.0,2024-07-27 22:11:07-04:00
100184,100185,y1775,42.3304585,-71.08365057,MANY_SEATS_AVAILABLE,STOPPED_AT,1,Nubian,242.0,23.0,2024-07-27 22:11:16-04:00
100196,100197,y1775,42.32985363,-71.08429853,MANY_SEATS_AVAILABLE,STOPPED_AT,1,Harvard,102.0,1.0,2024-07-27 22:11:36-04:00
100202,100203,y1775,42.3298353,-71.08412499,MANY_SEATS_AVAILABLE,STOPPED_AT,1,Harvard,0.0,1.0,2024-07-27 22:11:44-04:00
100208,100209,y1775,42.3298325,-71.08412073,MANY_SEATS_AVAILABLE,STOPPED_AT,1,Harvard,0.0,1.0,2024-07-27 22:11:54-04:00
100214,100215,y1775,42.32983889,-71.0841063,MANY_SEATS_AVAILABLE,STOPPED_AT,1,Harvard,87.0,1.0,2024-07-27 22:12:03-04:00
100220,100221,y1775,42.32982436,-71.08372946,MANY_SEATS_AVAILABLE,STOPPED_AT,1,Harvard,0.0,1.0,2024-07-27 22:12:18-04:00
100226,100227,y1775,42.32985441,-71.08370549,MANY_SEATS_AVAILABLE,STOPPED_AT,1,Harvard,0.0,1.0,2024-07-27 22:12:29-04:00
100262,100263,y1775,42.32981,-71.08373,MANY_SEATS_AVAILABLE,STOPPED_AT,1,Harvard,135.0,1.0,2024-07-27 22:13:30-04:00
100298,100299,y1775,42.32982,-71.08374,MANY_SEATS_AVAILABLE,STOPPED_AT,1,Harvard,135.0,1.0,2024-07-27 22:14:31-04:00
100334,100335,y1775,42.32983,-71.08375,MANY_SEATS_AVAILABLE,STOPPED_AT,1,Harvard,135.0,1.0,2024-07-27 22:15:33-04:00
100370,100371,y1775,42.32984,-71.08375,MANY_SEATS_AVAILABLE,STOPPED_AT,1,Harvard,135.0,1.0,2024-07-27 22:16:34-04:00
100400,100401,y1775,42.32985441,-71.08370549,MANY_SEATS_AVAILABLE,STOPPED_AT,1,Harvard,0.0,1.0,2024-07-27 22:17:29-04:00
100406,100407,y1775,42.32984,-71.08375,MANY_SEATS_AVAILABLE,STOPPED_AT,1,Harvard,135.0,1.0,2024-07-27 22:17:33-04:00
100442,100443,y1775,42.32985,-71.08377,MANY_SEATS_AVAILABLE,STOPPED_AT,1,Harvard,135.0,1.0,2024-07-27 22:18:34-04:00
100478,100479,y1775,42.32986,-71.08377,MANY_SEATS_AVAILABLE,STOPPED_AT,1,Harvard,135.0,1.0,2024-07-27 22:19:36-04:00
100508,100509,y1775,42.32986,-71.08378,MANY_SEATS_AVAILABLE,STOPPED_AT,1,Harvard,135.0,1.0,2024-07-27 22:20:36-04:00
100526,100527,y1775,42.32986126,-71.08348685,MANY_SEATS_AVAILABLE,STOPPED_AT,1,Harvard,0.0,1.0,2024-07-27 22:21:09-04:00
100538,100539,y1775,42.32985841,-71.08329962,MANY_SEATS_AVAILABLE,STOPPED_AT,1,Harvard,49.0,1.0,2024-07-27 22:21:28-04:00
100550,100551,y1775,42.33129486,-71.08251604,MANY_SEATS_AVAILABLE,STOPPED_AT,1,Harvard,39.0,2.0,2024-07-27 22:21:50-04:00
100568,100569,y1775,42.33245362,-71.08132516,MANY_SEATS_AVAILABLE,STOPPED_AT,1,Harvard,31.0,3.0,2024-07-27 22:22:19-04:00
100574,100575,y1775,42.33281089,-71.08092964,MANY_SEATS_AVAILABLE,STOPPED_AT,1,Harvard,90.0,3.0,2024-07-27 22:22:31-04:00
100592,100593,y1775,42.33209758,-71.07959564,MANY_SEATS_AVAILABLE,STOPPED_AT,1,Harvard,79.0,4.0,2024-07-27 22:23:01-04:00
100598,100599,y1775,42.33207943,-71.07955825,MANY_SEATS_AVAILABLE,STOPPED_AT,1,Harvard,0.0,4.0,2024-07-27 22:23:06-04:00
100604,100605,y1775,42.33208065,-71.07953786,MANY_SEATS_AVAILABLE,STOPPED_AT,1,Harvard,126.0,4.0,2024-07-27 22:23:21-04:00
100610,100611,y1775,42.33170525,-71.07856239,MANY_SEATS_AVAILABLE,STOPPED_AT,1,Harvard,119.0,4.0,2024-07-27 22:23:32-04:00
100652,100653,y1775,42.33270791,-71.07457207,MANY_SEATS_AVAILABLE,STOPPED_AT,1,Harvard,46.0,5.0,2024-07-27 22:24:45-04:00
100706,100707,y1775,42.33380857,-71.07358688,MANY_SEATS_AVAILABLE,STOPPED_AT,1,Harvard,328.0,6.0,2024-07-27 22:26:18-04:00
100712,100713,y1775,42.33465882,-71.07467537,MANY_SEATS_AVAILABLE,STOPPED_AT,1,Harvard,317.0,6.0,2024-07-27 22:26:30-04:00
100718,100719,y1775,42.33485842,-71.07495287,MANY_SEATS_AVAILABLE,STOPPED_AT,1,Harvard,0.0,7.0,2024-07-27 22:26:41-04:00
100724,100725,y1775,42.33486,-71.07489,MANY_SEATS_AVAILABLE,STOPPED_AT,1,Harvard,315.0,7.0,2024-07-27 22:26:44-04:00
100730,100731,y1775,42.33481841,-71.07494494,MANY_SEATS_AVAILABLE,STOPPED_AT,1,Harvard,0.0,7.0,2024-07-27 22:26:51-04:00
100742,100743,y1775,42.33482796,-71.07495219,MANY_SEATS_AVAILABLE,STOPPED_AT,1,Harvard,0.0,7.0,2024-07-27 22:27:18-04:00
100748,100749,y1775,42.33530465,-71.07551918,MANY_SEATS_AVAILABLE,STOPPED_AT,1,Harvard,318.0,7.0,2024-07-27 22:27:29-04:00
100796,100797,y1775,42.33611244,-71.07662829,MANY_SEATS_AVAILABLE,STOPPED_AT,1,Harvard,0.0,8.0,2024-07-27 22:28:50-04:00
100802,100803,y1775,42.33677065,-71.0772972,MANY_SEATS_AVAILABLE,STOPPED_AT,1,Harvard,316.0,8.0,2024-07-27 22:29:04-04:00
100850,100851,y1775,42.34006356,-71.08110074,MANY_SEATS_AVAILABLE,STOPPED_AT,1,Harvard,323.0,9.0,2024-07-27 22:30:27-04:00
100916,100917,y1775,42.34140979,-71.08299218,MANY_SEATS_AVAILABLE,STOPPED_AT,1,Harvard,188.0,10.0,2024-07-27 22:32:21-04:00
100922,100923,y1775,42.34154676,-71.08311337,MANY_SEATS_AVAILABLE,STOPPED_AT,1,Harvard,321.0,10.0,2024-07-27 22:32:28-04:00
100928,100929,y1775,42.34193634,-71.08363726,MANY_SEATS_AVAILABLE,STOPPED_AT,1,Harvard,313.0,10.0,2024-07-27 22:32:39-04:00
100940,100941,y1775,42.34226575,-71.08415077,MANY_SEATS_AVAILABLE,STOPPED_AT,1,Harvard,314.0,11.0,2024-07-27 22:33:01-04:00
100946,100947,y1775,42.34248127,-71.08444716,MANY_SEATS_AVAILABLE,STOPPED_AT,1,Harvard,308.0,11.0,2024-07-27 22:33:11-04:00
100952,100953,y1775,42.34283513,-71.08502913,MANY_SEATS_AVAILABLE,STOPPED_AT,1,Harvard,311.0,11.0,2024-07-27 22:33:21-04:00
100970,100971,y1775,42.34557796,-71.08691547,MANY_SEATS_AVAILABLE,STOPPED_AT,1,Harvard,342.0,12.0,2024-07-27 22:33:54-04:00
100976,100977,y1775,42.3460149,-71.08709348,MANY_SEATS_AVAILABLE,STOPPED_AT,1,Harvard,341.0,12.0,2024-07-27 22:34:02-04:00
